Date,avg_pairwise_corr
2015-04-07,0.25859509047144735
2015-04-08,0.2646906008440358
2015-04-09,0.26577216365402395
2015-04-10,0.2648029108164147
2015-04-13,0.2700192038442399
2015-04-14,0.27436160851614383
2015-04-15,0.2762910906478746
2015-04-16,0.28058076595501974
2015-04-17,0.28358424287774836
2015-04-20,0.29273497942695687
2015-04-21,0.29000557676488503
2015-04-22,0.293019208274487
2015-04-23,0.29322094898228046
2015-04-24,0.29860578517570613
2015-04-27,0.3042139033100416
2015-04-28,0.30602542838429136
2015-04-29,0.3141782100532574
2015-04-30,0.3208277216592605
2015-05-01,0.3344901929287909
2015-05-04,0.3517106827890828
2015-05-05,0.35032232206963654
2015-05-06,0.35552401074554846
2015-05-07,0.3589958876086524
2015-05-08,0.35513192949787703
2015-05-11,0.360255075976067
2015-05-12,0.3721364279479248
2015-05-13,0.3776881623376096
2015-05-14,0.37308741384698935
2015-05-15,0.3751977545637887
2015-05-18,0.3757445584693678
2015-05-19,0.376293723537293
2015-05-20,0.3863588609393771
2015-05-21,0.3858070853560342
2015-05-22,0.39047254669622805
2015-05-26,0.393269407670435
2015-05-27,0.3914065593303489
2015-05-28,0.386387967186799
2015-05-29,0.38555818020755306
2015-06-01,0.38187850720587063
2015-06-02,0.38370893122146443
2015-06-03,0.3807053210809609
2015-06-04,0.38363089968835384
2015-06-05,0.38239629349178894
2015-06-08,0.35230122630445576
2015-06-09,0.3531817546599337
2015-06-10,0.3501335538530622
2015-06-11,0.34856242771487705
2015-06-12,0.3469958977457242
2015-06-15,0.34258733843018285
2015-06-16,0.3438761457617126
2015-06-17,0.34627729335551766
2015-06-18,0.28860120684295004
2015-06-19,0.284812501008287
2015-06-22,0.25585798124313097
2015-06-23,0.24595198501448626
2015-06-24,0.24465822879295396
2015-06-25,0.24692542657476962
2015-06-26,0.2531414633594759
2015-06-29,0.261041458059058
2015-06-30,0.2520012292679073
2015-07-01,0.24897002068312554
2015-07-02,0.2324552775415937
2015-07-06,0.23566757396725377
2015-07-07,0.21810852375473458
2015-07-08,0.21630790959278984
2015-07-09,0.22455822157811423
2015-07-10,0.22504034523745145
2015-07-13,0.21902477412585472
2015-07-14,0.21561720477982194
2015-07-15,0.21409371760016535
2015-07-16,0.2042229195382126
2015-07-17,0.20550257133842775
2015-07-20,0.2058940943119941
2015-07-21,0.2124081390675244
2015-07-22,0.21340768755857562
2015-07-23,0.21736166660874098
2015-07-24,0.21134893802962135
2015-07-27,0.21143223381079945
2015-07-28,0.21675456715389183
2015-07-29,0.2220553362751308
2015-07-30,0.22655513160766283
2015-07-31,0.2256016996589496
2015-08-03,0.224915874647483
2015-08-04,0.22803823962651276
2015-08-05,0.23314972453202754
2015-08-06,0.2309920187034811
2015-08-07,0.23001870125278992
2015-08-10,0.21221463381605302
2015-08-11,0.20738417837561238
2015-08-12,0.2068527913505674
2015-08-13,0.2057616369889245
2015-08-14,0.1948552714539879
2015-08-17,0.18581327722077245
2015-08-18,0.18514369907265707
2015-08-19,0.17648727712501266
2015-08-20,0.16931546460401964
2015-08-21,0.14915152985850813
2015-08-24,0.15477194089470359
2015-08-25,0.20348152045190396
2015-08-26,0.19885874364130823
2015-08-27,0.17827875061419504
2015-08-28,0.21319364454603731
2015-08-31,0.2127447097284134
2015-09-01,0.2071514016620272
2015-09-02,0.20141029624511164
2015-09-03,0.1979306636622684
2015-09-04,0.1947067822368175
2015-09-08,0.19518518924949724
2015-09-09,0.1962095209611753
2015-09-10,0.19787267488919932
2015-09-11,0.1940882488510758
2015-09-14,0.19423686071768034
2015-09-15,0.19606314885409742
2015-09-16,0.19526636075890855
2015-09-17,0.20069738170213194
2015-09-18,0.202594637429579
2015-09-21,0.19875510818534012
2015-09-22,0.1989875033535357
2015-09-23,0.20287184708207295
2015-09-24,0.2031152722162586
2015-09-25,0.20053391590683103
2015-09-28,0.19834809586394825
2015-09-29,0.20769241789207696
2015-09-30,0.209867627461249
2015-10-01,0.20983992220507508
2015-10-02,0.20778625962362798
2015-10-05,0.23281599286508664
2015-10-06,0.23567419081624041
2015-10-07,0.23981810225925201
2015-10-08,0.2389871921027623
2015-10-09,0.23934367136049595
2015-10-12,0.2418874180662923
2015-10-13,0.240895652269628
2015-10-14,0.24152784727888324
2015-10-15,0.24597638007980419
2015-10-16,0.24459683277288072
2015-10-19,0.2399568547176767
2015-10-20,0.2394599385093869
2015-10-21,0.23877308639434056
2015-10-22,0.23900639883560734
2015-10-23,0.24135903416243554
2015-10-26,0.2374786291158821
2015-10-27,0.23739970767479113
2015-10-28,0.23670194380703669
2015-10-29,0.23290555570588695
2015-10-30,0.2407128437121764
2015-11-02,0.2399476753852036
2015-11-03,0.23755078319223805
2015-11-04,0.23319581066997988
2015-11-05,0.236612782381577
2015-11-06,0.23717245140193505
2015-11-09,0.24773948745730429
2015-11-10,0.2547742871849514
2015-11-11,0.2562903204313372
2015-11-12,0.2548288964780225
2015-11-13,0.254731678184539
2015-11-16,0.25456445917275405
2015-11-17,0.2563219074957123
2015-11-18,0.260116608235464
2015-11-19,0.26979423177788775
2015-11-20,0.2695750379973022
2015-11-23,0.24028330256273503
2015-11-24,0.2426491942250148
2015-11-25,0.2649485935907125
2015-11-27,0.24198624952191178
2015-11-30,0.24361341983834936
2015-12-01,0.2509703648768307
2015-12-02,0.26319937298334206
2015-12-03,0.2780387770791749
2015-12-04,0.27904408667331965
2015-12-07,0.2839431849610744
2015-12-08,0.29385545390798906
2015-12-09,0.29288499169992643
2015-12-10,0.2903307764390242
2015-12-11,0.2904694386081636
2015-12-14,0.28392074394762346
2015-12-15,0.2837443436665758
2015-12-16,0.2755849573763367
2015-12-17,0.26997189007617856
2015-12-18,0.27925585589345736
2015-12-21,0.2724065603847996
2015-12-22,0.2742934458262738
2015-12-23,0.27152738729255965
2015-12-24,0.276314798304321
2015-12-28,0.2775603360391212
2015-12-29,0.2758536031349764
2015-12-30,0.27309808437614347
2015-12-31,0.2748565054741112
2016-01-04,0.2725379982820262
2016-01-05,0.23924007812272835
2016-01-06,0.2364421901611673
2016-01-07,0.22525545849913506
2016-01-08,0.21637857308013508
2016-01-11,0.2198307021780082
2016-01-12,0.21783877541449573
2016-01-13,0.2197440605863945
2016-01-14,0.21042828786772014
2016-01-15,0.19735107979144878
2016-01-19,0.19648358188396858
2016-01-20,0.19441121015300658
2016-01-21,0.19012302940748493
2016-01-22,0.19220959683738917
2016-01-25,0.20823498995482598
2016-01-26,0.19930318020266446
2016-01-27,0.21766429502514617
2016-01-28,0.21320236760372546
2016-01-29,0.21314395659873656
2016-02-01,0.23025592746330673
2016-02-02,0.22290993655784172
2016-02-03,0.21983327669521963
2016-02-04,0.22704333690704315
2016-02-05,0.232602309956197
2016-02-08,0.22680068899181088
2016-02-09,0.2216093536386387
2016-02-10,0.21281881966664384
2016-02-11,0.20922865791041007
2016-02-12,0.2066502894199962
2016-02-16,0.20233732893963083
2016-02-17,0.1931548250692733
2016-02-18,0.19737821785785944
2016-02-19,0.19660334260946907
2016-02-22,0.19725471130449487
2016-02-23,0.194253077820834
2016-02-24,0.19280848385922297
2016-02-25,0.19322066046941733
2016-02-26,0.19548079330319065
2016-02-29,0.19683498856336593
2016-03-01,0.19749147406855894
2016-03-02,0.1911698425670178
2016-03-03,0.19031670572826462
2016-03-04,0.1861015946240967
2016-03-07,0.17848865624438512
2016-03-08,0.16902378711383756
2016-03-09,0.16485066026876463
2016-03-10,0.16034582511200268
2016-03-11,0.15919757871048157
2016-03-14,0.15623982278676446
2016-03-15,0.15728580979743229
2016-03-16,0.15982427781578007
2016-03-17,0.17271333154007837
2016-03-18,0.17773209651534216
2016-03-21,0.1783495069260609
2016-03-22,0.17325772053773156
2016-03-23,0.17640179185090724
2016-03-24,0.18445584339384638
2016-03-28,0.18733626515056678
2016-03-29,0.18731788618383186
2016-03-30,0.19536076660297344
2016-03-31,0.19187542308278605
2016-04-01,0.19354835528012562
2016-04-04,0.19065709323317667
2016-04-05,0.19319511888896543
2016-04-06,0.1923945085199552
2016-04-07,0.1912440376372509
2016-04-08,0.1915592975359116
2016-04-11,0.19246234118027652
2016-04-12,0.19068497834932843
2016-04-13,0.1856471852471184
2016-04-14,0.18611876140047906
2016-04-15,0.1932343490399167
2016-04-18,0.19642812967351328
2016-04-19,0.19411378929567644
2016-04-20,0.19724171257116715
2016-04-21,0.20123919974060486
2016-04-22,0.20482116571542658
2016-04-25,0.20148771104367955
2016-04-26,0.20331849943889843
2016-04-27,0.19454966915243876
2016-04-28,0.20113649028006428
2016-04-29,0.19934497652397107
2016-05-02,0.18956480087761188
2016-05-03,0.18904142323370415
2016-05-04,0.18844725386128194
2016-05-05,0.18868641681915324
2016-05-06,0.18901744381114394
2016-05-09,0.1888582133942361
2016-05-10,0.1981489474013426
2016-05-11,0.20066165612579862
2016-05-12,0.19709730335341316
2016-05-13,0.20796597860450136
2016-05-16,0.2100472234253424
2016-05-17,0.22094270675762412
2016-05-18,0.21422712670545976
2016-05-19,0.23149589556959163
2016-05-20,0.23200424723604576
2016-05-23,0.23472798968385786
2016-05-24,0.23755404261867416
2016-05-25,0.23359244699145176
2016-05-26,0.231405402174754
2016-05-27,0.22852851251470954
2016-05-31,0.2317025173801067
2016-06-01,0.24325161602254627
2016-06-02,0.24662471974174988
2016-06-03,0.24545739530933913
2016-06-06,0.25745567521675095
2016-06-07,0.25965342353140214
2016-06-08,0.2578334830376194
2016-06-09,0.26673406768259766
2016-06-10,0.26753720310160656
2016-06-13,0.2786168722682412
2016-06-14,0.2758730144631344
2016-06-15,0.2755020833142273
2016-06-16,0.2512837410295088
2016-06-17,0.244067960222559
2016-06-20,0.2383539266147399
2016-06-21,0.23482822715984825
2016-06-22,0.23294983431814975
2016-06-23,0.22254856557944327
2016-06-24,0.21709223428234292
2016-06-27,0.18308786805879498
2016-06-28,0.1672875813491616
2016-06-29,0.17627206873754278
2016-06-30,0.18324603060086594
2016-07-01,0.18800240427476064
2016-07-05,0.19356839256558972
2016-07-06,0.1907943442006128
2016-07-07,0.19290073239706443
2016-07-08,0.19634595617440712
2016-07-11,0.20902260528417568
2016-07-12,0.20896737017915093
2016-07-13,0.2031715238781851
2016-07-14,0.20106824592441755
2016-07-15,0.19812849810312116
2016-07-18,0.2015469112362471
2016-07-19,0.2014225952441981
2016-07-20,0.1989300955534408
2016-07-21,0.1989547414624261
2016-07-22,0.1954615448766429
2016-07-25,0.19300461304441113
2016-07-26,0.1953647179350472
2016-07-27,0.19517113211488185
2016-07-28,0.19420551134232508
2016-07-29,0.19809792736304957
2016-08-01,0.20318096019931764
2016-08-02,0.20762053933909044
2016-08-03,0.20940810429666235
2016-08-04,0.20702343067066736
2016-08-05,0.20886695556025223
2016-08-08,0.20783171895599284
2016-08-09,0.2031517920836947
2016-08-10,0.19779479694284652
2016-08-11,0.20015833813795061
2016-08-12,0.19575917867550366
2016-08-15,0.19649429926646028
2016-08-16,0.1962880120983468
2016-08-17,0.1969246109914735
2016-08-18,0.18329866130839176
2016-08-19,0.18339282909425578
2016-08-22,0.18917117264814748
2016-08-23,0.1880327842109701
2016-08-24,0.1912196547584995
2016-08-25,0.19710729653050807
2016-08-26,0.19742136801250837
2016-08-29,0.1997003298238194
2016-08-30,0.2015688283001949
2016-08-31,0.2048832652598805
2016-09-01,0.20723492126357812
2016-09-02,0.19519061541654792
2016-09-06,0.19741045604233362
2016-09-07,0.20786435649294266
2016-09-08,0.20040104053263907
2016-09-09,0.19970760683679373
2016-09-12,0.23756206725519277
2016-09-13,0.23862594345416513
2016-09-14,0.25659059857988925
2016-09-15,0.2565502576276287
2016-09-16,0.2569856365872854
2016-09-19,0.2616325659807164
2016-09-20,0.2632560473055809
2016-09-21,0.26402221771987255
2016-09-22,0.28241157657693966
2016-09-23,0.2898094917026289
2016-09-26,0.3766433033346832
2016-09-27,0.3997028924863507
2016-09-28,0.39533747206641073
2016-09-29,0.3925368529581738
2016-09-30,0.386549743127642
2016-10-03,0.3765189500257668
2016-10-04,0.39100190654593725
2016-10-05,0.39836992500836593
2016-10-06,0.39725336483612755
2016-10-07,0.38139971401992556
2016-10-10,0.38621978958132125
2016-10-11,0.40225493125809764
2016-10-12,0.41448546450185647
2016-10-13,0.4211650662257793
2016-10-14,0.41739274917782493
2016-10-17,0.41675347578165906
2016-10-18,0.4179926075582352
2016-10-19,0.4301617979507789
2016-10-20,0.43807763706665304
2016-10-21,0.44073983180144044
2016-10-24,0.4380790628069732
2016-10-25,0.4384644454121092
2016-10-26,0.43967477409179634
2016-10-27,0.446293882401219
2016-10-28,0.438593784380465
2016-10-31,0.4370795021351281
2016-11-01,0.4334966868834631
2016-11-02,0.4288011351977856
2016-11-03,0.41973625164730255
2016-11-04,0.43206474884775536
2016-11-07,0.42780997112807717
2016-11-08,0.3955984710478248
2016-11-09,0.3973534117700135
2016-11-10,0.384350764856463
2016-11-11,0.38218884985096285
2016-11-14,0.3926447031661313
2016-11-15,0.3905127617262921
2016-11-16,0.40693453430488535
2016-11-17,0.39912275384767
2016-11-18,0.39367729871865526
2016-11-21,0.39520417862681667
2016-11-22,0.40304913002139575
2016-11-23,0.4004974527218361
2016-11-25,0.4013575545716265
2016-11-28,0.39923015560080993
2016-11-29,0.39636017508500243
2016-11-30,0.3911481789603555
2016-12-01,0.37522902374711964
2016-12-02,0.3722167238048554
2016-12-05,0.37375741164726684
2016-12-06,0.3631454158140703
2016-12-07,0.3636551881543388
2016-12-08,0.3716429993470269
2016-12-09,0.3381235747492719
2016-12-12,0.3342416827997683
2016-12-13,0.3135222120555362
2016-12-14,0.31624821575166545
2016-12-15,0.33451040376555413
2016-12-16,0.3332302947492404
2016-12-19,0.33388050429886684
2016-12-20,0.3316755340808067
2016-12-21,0.30452145062255837
2016-12-22,0.2961434706581515
2016-12-23,0.29371827044423876
2016-12-27,0.2998717805202494
2016-12-28,0.30425572752373253
2016-12-29,0.29579429615967034
2016-12-30,0.3005223737182784
2017-01-03,0.29875812182434375
2017-01-04,0.2996267326766868
2017-01-05,0.3003054772051171
2017-01-06,0.3074748234951172
2017-01-09,0.30695912883156234
2017-01-10,0.3044414061887164
2017-01-11,0.30120478061718586
2017-01-12,0.2956687102536579
2017-01-13,0.29572553873210866
2017-01-17,0.29737031704005584
2017-01-18,0.29468496427051166
2017-01-19,0.29933261197870825
2017-01-20,0.2953505650991063
2017-01-23,0.29549723781037496
2017-01-24,0.29471607400182914
2017-01-25,0.2931958926710054
2017-01-26,0.28830031977732845
2017-01-27,0.28822492964056723
2017-01-30,0.2811903505669281
2017-01-31,0.2823231909480329
2017-02-01,0.28342630116783113
2017-02-02,0.2854163473523352
2017-02-03,0.2895494961125961
2017-02-06,0.29300297356490457
2017-02-07,0.28809984142357536
2017-02-08,0.2899803198804593
2017-02-09,0.30098869083411833
2017-02-10,0.2998152411501518
2017-02-13,0.3200433611311686
2017-02-14,0.31167225123466263
2017-02-15,0.2839722667687402
2017-02-16,0.2837208685696794
2017-02-17,0.25541607280557943
2017-02-21,0.25525595060217526
2017-02-22,0.258942322955287
2017-02-23,0.257378519521541
2017-02-24,0.23875773196765382
2017-02-27,0.23621837775914267
2017-02-28,0.2284619515686268
2017-03-01,0.22906617649615085
2017-03-02,0.22308029675135144
2017-03-03,0.25487186236140136
2017-03-06,0.27483732707003683
2017-03-07,0.28738386958628526
2017-03-08,0.2895981066946253
2017-03-09,0.31242885562178824
2017-03-10,0.3190256904980649
2017-03-13,0.3056321109885199
2017-03-14,0.3053804744229588
2017-03-15,0.31483607976228095
2017-03-16,0.3665490060240073
2017-03-17,0.3640158167068549
2017-03-20,0.32195944764374085
2017-03-21,0.32942774992355695
2017-03-22,0.32605867665638133
2017-03-23,0.3304322563147919
2017-03-24,0.3331140331506617
2017-03-27,0.33541481318364275
2017-03-28,0.333621143206874
2017-03-29,0.3290817831243961
2017-03-30,0.3340561046840385
2017-03-31,0.3335850205922309
2017-04-03,0.33272928039228084
2017-04-04,0.33258300367508387
2017-04-05,0.33407993937916897
2017-04-06,0.32297191035677353
2017-04-07,0.3110345860632177
2017-04-10,0.31272108095072493
2017-04-11,0.3180260733950508
2017-04-12,0.3167130550015167
2017-04-13,0.3120121613217328
2017-04-17,0.3118902384392469
2017-04-18,0.3082941747453418
2017-04-19,0.3080791387648345
2017-04-20,0.31097155086479294
2017-04-21,0.3021165298765119
2017-04-24,0.30033926798850946
2017-04-25,0.2900089020551908
2017-04-26,0.2851392198505044
2017-04-27,0.29405568567478785
2017-04-28,0.2961179470047872
2017-05-01,0.29843984024890974
2017-05-02,0.2891794876405683
2017-05-03,0.2861371760564201
2017-05-04,0.29200558775590096
2017-05-05,0.2974823626957597
2017-05-08,0.30030345756478904
2017-05-09,0.3075160317692653
2017-05-10,0.3072988315317698
2017-05-11,0.30273509923933617
2017-05-12,0.3067774572282357
2017-05-15,0.3067010298785226
2017-05-16,0.3120846479465937
2017-05-17,0.3146989509975238
2017-05-18,0.28596878729405445
2017-05-19,0.2812357404468399
2017-05-22,0.29261112316239923
2017-05-23,0.29189968787898113
2017-05-24,0.2923174065206266
2017-05-25,0.2933385419318573
2017-05-26,0.289567899956245
2017-05-30,0.2888029050143742
2017-05-31,0.2888256450876482
2017-06-01,0.2992870325102126
2017-06-02,0.27396825171830025
2017-06-05,0.2802303718236574
2017-06-06,0.2790622289055594
2017-06-07,0.2717255071929373
2017-06-08,0.25340545746759824
2017-06-09,0.24721074270663496
2017-06-12,0.25282748846537956
2017-06-13,0.2568320215672448
2017-06-14,0.2546158763515528
2017-06-15,0.17714939528198514
2017-06-16,0.1854104291643174
2017-06-19,0.18414347958168015
2017-06-20,0.18001386812230113
2017-06-21,0.1885320764570469
2017-06-22,0.1844385697712847
2017-06-23,0.1854982971818971
2017-06-26,0.18663131150499135
2017-06-27,0.18677157183626952
2017-06-28,0.19064397817011264
2017-06-29,0.191374688966673
2017-06-30,0.21352851397495978
2017-07-03,0.21216677043036256
2017-07-05,0.21144410411790063
2017-07-06,0.2112328504297561
2017-07-07,0.21961412869902047
2017-07-10,0.21769670870659721
2017-07-11,0.22074428015320643
2017-07-12,0.22230900325314604
2017-07-13,0.2360963414200543
2017-07-14,0.236114569434211
2017-07-17,0.2501862953047441
2017-07-18,0.2507744148251246
2017-07-19,0.26177421598030776
2017-07-20,0.2528184900619173
2017-07-21,0.25549160590686915
2017-07-24,0.2519862179563749
2017-07-25,0.258746182465604
2017-07-26,0.2617476264602554
2017-07-27,0.2698712508701109
2017-07-28,0.27179559557893385
2017-07-31,0.2730318544665176
2017-08-01,0.27607981785801367
2017-08-02,0.27667362800284645
2017-08-03,0.2738636682525958
2017-08-04,0.26056008628379435
2017-08-07,0.2555235772002231
2017-08-08,0.2538105911173603
2017-08-09,0.2522710154873064
2017-08-10,0.243581361480524
2017-08-11,0.24176822103412254
2017-08-14,0.24086367038768852
2017-08-15,0.23011103041854022
2017-08-16,0.230737938644996
2017-08-17,0.25981854814880534
2017-08-18,0.25552012648078903
2017-08-21,0.24341188125629964
2017-08-22,0.2422216476469313
2017-08-23,0.23935306807840684
2017-08-24,0.2381566622031971
2017-08-25,0.2412194966972998
2017-08-28,0.24146988316575543
2017-08-29,0.23848082974987153
2017-08-30,0.2378782925621781
2017-08-31,0.23685114601971022
2017-09-01,0.24709686897699223
2017-09-05,0.24337584225378991
2017-09-06,0.23347136722239778
2017-09-07,0.22515284865510599
2017-09-08,0.2303206703396146
2017-09-11,0.23376111262560065
2017-09-12,0.22082465256391298
2017-09-13,0.21857282211086804
2017-09-14,0.22422751004104077
2017-09-15,0.21857635342863224
2017-09-18,0.21988623400523338
2017-09-19,0.22932043173907074
2017-09-20,0.22599730340124174
2017-09-21,0.22645417953743865
2017-09-22,0.22713720806550972
2017-09-25,0.22458074341881004
2017-09-26,0.21863418754013134
2017-09-27,0.22030075366644875
2017-09-28,0.2169342892142775
2017-09-29,0.19723059445645916
2017-10-02,0.1969918073748304
2017-10-03,0.19860914416882341
2017-10-04,0.2000831834874064
2017-10-05,0.18941483118497937
2017-10-06,0.1884014719417772
2017-10-09,0.1882806887458903
2017-10-10,0.18608828016910808
2017-10-11,0.176297385101397
2017-10-12,0.17804755790372023
2017-10-13,0.1643948759543719
2017-10-16,0.17464851295649259
2017-10-17,0.16897389319010458
2017-10-18,0.1654604977965759
2017-10-19,0.165811511830136
2017-10-20,0.16799672831999668
2017-10-23,0.16793128682216804
2017-10-24,0.1724533620252437
2017-10-25,0.16098644739338436
2017-10-26,0.16442182823052198
2017-10-27,0.16525031574607893
2017-10-30,0.18793930634185094
2017-10-31,0.18957088764173446
2017-11-01,0.1890761119539131
2017-11-02,0.192930026608452
2017-11-03,0.1930513261608277
2017-11-06,0.18716380003266153
2017-11-07,0.19333397566455676
2017-11-08,0.20245777135052573
2017-11-09,0.19357069511557518
2017-11-10,0.19529372726591196
2017-11-13,0.20757080459291904
2017-11-14,0.20458832953243572
2017-11-15,0.20537118564467208
2017-11-16,0.2048637619145505
2017-11-17,0.20425428439104545
2017-11-20,0.205013451701878
2017-11-21,0.2048976318603052
2017-11-22,0.21407187579662415
2017-11-24,0.21727646842081402
2017-11-27,0.21380142676109654
2017-11-28,0.22093024579659024
2017-11-29,0.22021984802707986
2017-11-30,0.24489181884022526
2017-12-01,0.21906385675000317
2017-12-04,0.21709284648485486
2017-12-05,0.23475008999335048
2017-12-06,0.23685825805704364
2017-12-07,0.22668092874607895
2017-12-08,0.21997561855481076
2017-12-11,0.23793949718342972
2017-12-12,0.23907459982203264
2017-12-13,0.24020822573034686
2017-12-14,0.24268117631626493
2017-12-15,0.24222364528822568
2017-12-18,0.24231126423656563
2017-12-19,0.24065727020134486
2017-12-20,0.24607233061006506
2017-12-21,0.2433763314165974
2017-12-22,0.24441074202946464
2017-12-26,0.2584645277688833
2017-12-27,0.2553836978481708
2017-12-28,0.25760472757511343
2017-12-29,0.2581864915002632
2018-01-02,0.2604421731111506
2018-01-03,0.2582708536806214
2018-01-04,0.2628628030234017
2018-01-05,0.2627061367565829
2018-01-08,0.2622560960602403
2018-01-09,0.2622328103774946
2018-01-10,0.26462592645877403
2018-01-11,0.259082031216359
2018-01-12,0.26114363717742123
2018-01-16,0.26725590937198124
2018-01-17,0.25864442333668536
2018-01-18,0.25313242394921476
2018-01-19,0.25820747994198134
2018-01-22,0.25483506157721897
2018-01-23,0.2598969008044783
2018-01-24,0.2680248398324779
2018-01-25,0.2598183539349292
2018-01-26,0.2590540986629257
2018-01-29,0.2545969100574314
2018-01-30,0.27660720918011444
2018-01-31,0.2797273873460556
2018-02-01,0.2835627749257828
2018-02-02,0.28094825026902104
2018-02-05,0.35963997538638726
2018-02-06,0.32969428656525085
2018-02-07,0.3186226353918034
2018-02-08,0.33410611065785195
2018-02-09,0.34684926425905155
2018-02-12,0.33967286186065393
2018-02-13,0.34952138853445097
2018-02-14,0.3458323017214615
2018-02-15,0.341747936215063
2018-02-16,0.34844025653435806
2018-02-20,0.3459828895591242
2018-02-21,0.3564675497642485
2018-02-22,0.360489355190393
2018-02-23,0.364425272280967
2018-02-26,0.3699980991587361
2018-02-27,0.37007741876517475
2018-02-28,0.38312613928731015
2018-03-01,0.3826616731514084
2018-03-02,0.37683929298031954
2018-03-05,0.3649409247722785
2018-03-06,0.3640965589977271
2018-03-07,0.36554842174347807
2018-03-08,0.3663777912674646
2018-03-09,0.3662322288899858
2018-03-12,0.37183247384651513
2018-03-13,0.3741050364225566
2018-03-14,0.3718647568231148
2018-03-15,0.3722555116543682
2018-03-16,0.37268831905691174
2018-03-19,0.3711370503825995
2018-03-20,0.3742965189776632
2018-03-21,0.3703903211165449
2018-03-22,0.37303390836219447
2018-03-23,0.36982687543394577
2018-03-26,0.3573396073634796
2018-03-27,0.3540831447142938
2018-03-28,0.3468984341347026
2018-03-29,0.3439519453167975
2018-04-02,0.3469223467624381
2018-04-03,0.33858907141972816
2018-04-04,0.3339735596618144
2018-04-05,0.33438195934180265
2018-04-06,0.33159668809181203
2018-04-09,0.32400167946701425
2018-04-10,0.3271743047433669
2018-04-11,0.3280868636650333
2018-04-12,0.3281183672728279
2018-04-13,0.32594129569571123
2018-04-16,0.32411259391358377
2018-04-17,0.3206361360011458
2018-04-18,0.32108368814618593
2018-04-19,0.3176758748419571
2018-04-20,0.31889515607599267
2018-04-23,0.32641358586876207
2018-04-24,0.32418558870339903
2018-04-25,0.3191322179178577
2018-04-26,0.3230669642532725
2018-04-27,0.3287823361231765
2018-04-30,0.32950704767055816
2018-05-01,0.32215467367766587
2018-05-02,0.31694706526787597
2018-05-03,0.3112577522389403
2018-05-04,0.31539752812437927
2018-05-07,0.28291620202118584
2018-05-08,0.2977511917074993
2018-05-09,0.31057210208605646
2018-05-10,0.2926277090528869
2018-05-11,0.2889048650194861
2018-05-14,0.2933235721550023
2018-05-15,0.2868391792557522
2018-05-16,0.30878310299265155
2018-05-17,0.3135634159941423
2018-05-18,0.3086807481650311
2018-05-21,0.31011416611416104
2018-05-22,0.3075557253200479
2018-05-23,0.30010503158757623
2018-05-24,0.2942676045420785
2018-05-25,0.27891645622056815
2018-05-29,0.2678758201375214
2018-05-30,0.24006306956575424
2018-05-31,0.23850066009495946
2018-06-01,0.2471338178932962
2018-06-04,0.24479462947579977
2018-06-05,0.2434126679677258
2018-06-06,0.24163819746359366
2018-06-07,0.23704680969674308
2018-06-08,0.2362800097318497
2018-06-11,0.23326592137131996
2018-06-12,0.23325646539491754
2018-06-13,0.23351662861109468
2018-06-14,0.23248731151794527
2018-06-15,0.23052595380883487
2018-06-18,0.23494234339215003
2018-06-19,0.22877523025451818
2018-06-20,0.23084736135332662
2018-06-21,0.22536456667290897
2018-06-22,0.21768476624522035
2018-06-25,0.23574085385367216
2018-06-26,0.23804213852765152
2018-06-27,0.24132841046494144
2018-06-28,0.23806521872066805
2018-06-29,0.2236188761712439
2018-07-02,0.22986217363832176
2018-07-03,0.23497964571829927
2018-07-05,0.23415871095993238
2018-07-06,0.2395498014040083
2018-07-09,0.25430390395828784
2018-07-10,0.2499216526885812
2018-07-11,0.24141596622017653
2018-07-12,0.2588522650849385
2018-07-13,0.2717775556346254
2018-07-16,0.27306172826489145
2018-07-17,0.2767607879409043
2018-07-18,0.27348536774502946
2018-07-19,0.27821008762939964
2018-07-20,0.2723894575118502
2018-07-23,0.2566361321641706
2018-07-24,0.2604735069182633
2018-07-25,0.26521509253878656
2018-07-26,0.2717335053067804
2018-07-27,0.26839773533857275
2018-07-30,0.2646936834259799
2018-07-31,0.2629128336609997
2018-08-01,0.2621553902561946
2018-08-02,0.2715057362689738
2018-08-03,0.2680739287804338
2018-08-06,0.26715594572592805
2018-08-07,0.2666692953521361
2018-08-08,0.26664055659844677
2018-08-09,0.26638367747998065
2018-08-10,0.24713109142251957
2018-08-13,0.24247305818343667
2018-08-14,0.24792870072150736
2018-08-15,0.22205954220580898
2018-08-16,0.2375476259190366
2018-08-17,0.24070048158388987
2018-08-20,0.24431653550875482
2018-08-21,0.24317179687378698
2018-08-22,0.2443356039945342
2018-08-23,0.24727318731858494
2018-08-24,0.25132675015084277
2018-08-27,0.2626402050325024
2018-08-28,0.2729843714748461
2018-08-29,0.2794762409208418
2018-08-30,0.2762360045017406
2018-08-31,0.2837874317538301
2018-09-04,0.28587936785264384
2018-09-05,0.2962410146869229
2018-09-06,0.3008243989351412
2018-09-07,0.3004132873454283
2018-09-10,0.3066485840627396
2018-09-11,0.30683818915910177
2018-09-12,0.3051192570708272
2018-09-13,0.31059894066054017
2018-09-14,0.3058413910618547
2018-09-17,0.30654519916067086
2018-09-18,0.3058536266872301
2018-09-19,0.3024696127468856
2018-09-20,0.2999133908749
2018-09-21,0.3078631865679287
2018-09-24,0.30434720359114764
2018-09-25,0.2946017972719374
2018-09-26,0.29468667476920113
2018-09-27,0.3026452409512264
2018-09-28,0.3058465601717044
2018-10-01,0.3049530767854942
2018-10-02,0.3010818975072864
2018-10-03,0.30022891496869275
2018-10-04,0.302695671553435
2018-10-05,0.3155148825592365
2018-10-08,0.3171889111390117
2018-10-09,0.31776638431593685
2018-10-10,0.30874066904622904
2018-10-11,0.3172966209217956
2018-10-12,0.29134142034565796
2018-10-15,0.28994368639111334
2018-10-16,0.2902113859876827
2018-10-17,0.2945327363579368
2018-10-18,0.3008776209547592
2018-10-19,0.30857541309604375
2018-10-22,0.30652827861180504
2018-10-23,0.3024108490547912
2018-10-24,0.2867597474941612
2018-10-25,0.2727734780674869
2018-10-26,0.27181770716500075
2018-10-29,0.2642404402054011
2018-10-30,0.27062809026104945
2018-10-31,0.26180451479459527
2018-11-01,0.2573746373351987
2018-11-02,0.25707300061118327
2018-11-05,0.26108988567589503
2018-11-06,0.2617517381336984
2018-11-07,0.26194143856494867
2018-11-08,0.26320603837750156
2018-11-09,0.276387503585894
2018-11-12,0.27068529151342435
2018-11-13,0.27160052066489104
2018-11-14,0.2577752479583083
2018-11-15,0.2557945433115978
2018-11-16,0.2498464971281459
2018-11-19,0.24959506774751566
2018-11-20,0.24674250327038585
2018-11-21,0.2572323782604095
2018-11-23,0.2641564216345261
2018-11-26,0.2579081127289772
2018-11-27,0.2591610512617524
2018-11-28,0.25509490543338104
2018-11-29,0.2539616458805703
2018-11-30,0.25576125056271387
2018-12-03,0.25532366201556017
2018-12-04,0.2772530818064024
2018-12-06,0.26208558608531446
2018-12-07,0.26106871714737023
2018-12-10,0.25132864583196024
2018-12-11,0.2506185346367205
2018-12-12,0.25224321752512313
2018-12-13,0.24642634961588616
2018-12-14,0.2506606361636823
2018-12-17,0.2546101733876322
2018-12-18,0.25125534996000226
2018-12-19,0.24999087145627932
2018-12-20,0.24439466478436978
2018-12-21,0.236418541517003
2018-12-24,0.24219827436742286
2018-12-26,0.2392687248280874
2018-12-27,0.2394739523126629
2018-12-28,0.24008847814406353
2018-12-31,0.24572248835045354
2019-01-02,0.25200543744975695
2019-01-03,0.2568542323391945
2019-01-04,0.25334615187523335
2019-01-07,0.23699362592232795
2019-01-08,0.22604451545883844
2019-01-09,0.22171405894847593
2019-01-10,0.22342515801198007
2019-01-11,0.22117984427974247
2019-01-14,0.20868472647646577
2019-01-15,0.21683840185699074
2019-01-16,0.21698807522679114
2019-01-17,0.21823145180817435
2019-01-18,0.21605155523695796
2019-01-22,0.2063955958759656
2019-01-23,0.2010901087470851
2019-01-24,0.20093418552473422
2019-01-25,0.2026553103272463
2019-01-28,0.20611215381863848
2019-01-29,0.21033378619537885
2019-01-30,0.2137579339439131
2019-01-31,0.22669834641123837
2019-02-01,0.22308442118552138
2019-02-04,0.22644090077045978
2019-02-05,0.22816081991730053
2019-02-06,0.22604096446069552
2019-02-07,0.2209516910537447
2019-02-08,0.2201578034700227
2019-02-11,0.21936345002201216
2019-02-12,0.2227845975889159
2019-02-13,0.2182607304904496
2019-02-14,0.21681332387050287
2019-02-15,0.21414421919970147
2019-02-19,0.21839131183907273
2019-02-20,0.22010566821788857
2019-02-21,0.2230322580960589
2019-02-22,0.22930234601549437
2019-02-25,0.23344668194578788
2019-02-26,0.216907734576669
2019-02-27,0.21524931734482944
2019-02-28,0.2103768696695504
2019-03-01,0.21579915588556023
2019-03-04,0.223297573046018
2019-03-05,0.22467794030295293
2019-03-06,0.22597485486205657
2019-03-07,0.22729508933151438
2019-03-08,0.20389349308443844
2019-03-11,0.2121822389305245
2019-03-12,0.21206769777554899
2019-03-13,0.22404146671207426
2019-03-14,0.22484403062284378
2019-03-15,0.23127997500880043
2019-03-18,0.23787173197833955
2019-03-19,0.2392636773439129
2019-03-20,0.23088322453308502
2019-03-21,0.2408847128191484
2019-03-22,0.24741144374594937
2019-03-25,0.24719614030137352
2019-03-26,0.25206748500343423
2019-03-27,0.23885194343107602
2019-03-28,0.24385417538373957
2019-03-29,0.23531465372573004
2019-04-01,0.2406157837733829
2019-04-02,0.2369365183869604
2019-04-03,0.23533348539050428
2019-04-04,0.23575758495558238
2019-04-05,0.2541083723292909
2019-04-08,0.2672517660420428
2019-04-09,0.2686293280122836
2019-04-10,0.27064739010888617
2019-04-11,0.26808503617529994
2019-04-12,0.2799709090185152
2019-04-15,0.28037812734910317
2019-04-16,0.2749660624892984
2019-04-17,0.27584307560739285
2019-04-18,0.2753394164801501
2019-04-22,0.2767746491438069
2019-04-23,0.28140058392211176
2019-04-24,0.28288557487291377
2019-04-25,0.28106338599481945
2019-04-26,0.2805212792527963
2019-04-29,0.27301571142400455
2019-04-30,0.2668261776064334
2019-05-01,0.2681248246437627
2019-05-02,0.2475043352890457
2019-05-03,0.25081050245462366
2019-05-06,0.26488204521954933
2019-05-07,0.2630974433597092
2019-05-08,0.27091132887879643
2019-05-09,0.26909180049082865
2019-05-10,0.27083241821465237
2019-05-13,0.27362608624704643
2019-05-14,0.2639165678198183
2019-05-15,0.26256197943287046
2019-05-16,0.2677197889903066
2019-05-17,0.26041464801089464
2019-05-20,0.2614099342586007
2019-05-21,0.2552209900825698
2019-05-22,0.25435483890755767
2019-05-23,0.24498812489704325
2019-05-24,0.22594772755492434
2019-05-28,0.22725077254306714
2019-05-29,0.2212501006683095
2019-05-30,0.2188460858883404
2019-05-31,0.21143380731903474
2019-06-03,0.19390561360779693
2019-06-04,0.19190128310007154
2019-06-05,0.1879893429182519
2019-06-06,0.18257336892182807
2019-06-07,0.1875612016175568
2019-06-10,0.20594305816583006
2019-06-11,0.20774892094470762
2019-06-12,0.2020041293539354
2019-06-13,0.19981439462054676
2019-06-14,0.1988896710073288
2019-06-17,0.19215302385249625
2019-06-18,0.19189412032463715
2019-06-19,0.21683243599042423
2019-06-20,0.20982398937730073
2019-06-21,0.23883874515965717
2019-06-24,0.24608944917385453
2019-06-25,0.24802470810815241
2019-06-26,0.24952886096386528
2019-06-27,0.24835272866895192
2019-06-28,0.25305145848576044
2019-07-01,0.25136250427840157
2019-07-02,0.2512692358904476
2019-07-03,0.24562594928861103
2019-07-05,0.2508443749841859
2019-07-08,0.2641120703340401
2019-07-09,0.26613699629218673
2019-07-10,0.2672520487984509
2019-07-11,0.2724007407608377
2019-07-12,0.27496052904226087
2019-07-15,0.27024013164026706
2019-07-16,0.27116042129522705
2019-07-17,0.2739073043652782
2019-07-18,0.26801935379227265
2019-07-19,0.26730567129309685
2019-07-22,0.26932562916861863
2019-07-23,0.2703262106642049
2019-07-24,0.2701856799876042
2019-07-25,0.27284724591051507
2019-07-26,0.2790397253695544
2019-07-29,0.28061702221128393
2019-07-30,0.28056319305608707
2019-07-31,0.2775657175487351
2019-08-01,0.2770254285959575
2019-08-02,0.25824780444752543
2019-08-05,0.2507028551844137
2019-08-06,0.23415145100638068
2019-08-07,0.23355502798439115
2019-08-08,0.22853021772235482
2019-08-09,0.2301253706263038
2019-08-12,0.23004649901163576
2019-08-13,0.22294680475511883
2019-08-14,0.21886415000718917
2019-08-15,0.20591496272546575
2019-08-16,0.21156155246661626
2019-08-19,0.2018843456731332
2019-08-20,0.1982930656926233
2019-08-21,0.19925269560221043
2019-08-22,0.196682920994115
2019-08-23,0.2003420078780867
2019-08-26,0.19037681789084998
2019-08-27,0.19087985546142305
2019-08-28,0.19460878443940868
2019-08-29,0.19604744314951564
2019-08-30,0.19784069730409123
2019-09-03,0.19939957157459154
2019-09-04,0.19888686115350263
2019-09-05,0.21493328881325194
2019-09-06,0.2092726334422494
2019-09-09,0.19914322832691053
2019-09-10,0.19842949144167266
2019-09-11,0.20381275288484435
2019-09-12,0.20053217321643946
2019-09-13,0.19723095076018793
2019-09-16,0.20570419903402548
2019-09-17,0.2078786142625796
2019-09-18,0.19136796581496854
2019-09-19,0.19043782403395088
2019-09-20,0.1725579498940352
2019-09-23,0.17204296750565037
2019-09-24,0.1695563453864396
2019-09-25,0.16809951510313156
2019-09-26,0.17492911131535488
2019-09-27,0.1736478381144125
2019-09-30,0.17718463045989272
2019-10-01,0.17819789759491333
2019-10-02,0.18003667510050225
2019-10-03,0.17448374544682738
2019-10-04,0.17197453738323887
2019-10-07,0.17501112871339158
2019-10-08,0.17936437817074397
2019-10-09,0.17256155983382948
2019-10-10,0.16954388640649057
2019-10-11,0.16593054673447058
2019-10-14,0.16319436266114568
2019-10-15,0.1601180066435399
2019-10-16,0.15901736206022576
2019-10-17,0.158468569574393
2019-10-18,0.1572084213520268
2019-10-21,0.1571286647975079
2019-10-22,0.15625827689258878
2019-10-23,0.15573119356990597
2019-10-24,0.1522703968939125
2019-10-25,0.15288593264423575
2019-10-28,0.15325760375414985
2019-10-29,0.154719881058083
2019-10-30,0.15147396577605293
2019-10-31,0.16201105821104064
2019-11-01,0.160177108915047
2019-11-04,0.16667126809540048
2019-11-05,0.1616134422659259
2019-11-06,0.16851997781150518
2019-11-07,0.16070403026312338
2019-11-08,0.16504789787135704
2019-11-11,0.1704942456061787
2019-11-12,0.16939333410018825
2019-11-13,0.16747838435564347
2019-11-14,0.16485052462314778
2019-11-15,0.16394068440671464
2019-11-18,0.17005226962284967
2019-11-19,0.17094468906476845
2019-11-20,0.1694344092121626
2019-11-21,0.16525117025165176
2019-11-22,0.17629129676825417
2019-11-25,0.1742179744342431
2019-11-26,0.173418640931779
2019-11-27,0.17302554637974338
2019-11-29,0.17225049558333871
2019-12-02,0.1801251159127145
2019-12-03,0.19161447210529883
2019-12-04,0.15942805516580966
2019-12-05,0.17094953097390725
2019-12-06,0.17283050932665445
2019-12-09,0.1733129575704344
2019-12-10,0.16973783993519131
2019-12-11,0.1708390854359147
2019-12-12,0.17812457003069973
2019-12-13,0.16550314283186257
2019-12-16,0.1713162160004161
2019-12-17,0.17791613640215648
2019-12-18,0.1742161304511307
2019-12-19,0.17438134410705403
2019-12-20,0.17471100878903204
2019-12-23,0.17566705595791973
2019-12-24,0.17639820747516252
2019-12-26,0.16585296241646172
2019-12-27,0.1729337896483656
2019-12-30,0.16412110035163027
2019-12-31,0.16820592187583627
2020-01-02,0.16952693381511943
2020-01-03,0.18966896151404752
2020-01-06,0.1701412871313011
2020-01-07,0.15813950976476854
2020-01-08,0.14624152068591476
2020-01-09,0.14703469270600175
2020-01-10,0.14392937332673994
2020-01-13,0.14647101697714499
2020-01-14,0.14512431098981957
2020-01-15,0.14608497979730778
2020-01-16,0.15090563623831804
2020-01-17,0.1510390550768613
2020-01-21,0.14919221181126557
2020-01-22,0.149590360519721
2020-01-23,0.15005746099966474
2020-01-24,0.15354526651311304
2020-01-27,0.15003000160766639
2020-01-28,0.15965743754685538
2020-01-29,0.14870623583002582
2020-01-30,0.14934823719422172
2020-01-31,0.1455223133895815
2020-02-03,0.14116831800781565
2020-02-04,0.13958307977281256
2020-02-05,0.12095533042169884
2020-02-06,0.12272338282682393
2020-02-07,0.1165806105365559
2020-02-10,0.11700196461281931
2020-02-11,0.10545143215238545
2020-02-12,0.10369504770084961
2020-02-13,0.1014133351491221
2020-02-14,0.10060791943889083
2020-02-18,0.10247071516020072
2020-02-19,0.10130213223702761
2020-02-20,0.10551579714955964
2020-02-21,0.10434523942293679
2020-02-24,0.10020236061040133
2020-02-25,0.12529636169584946
2020-02-26,0.17397342004089433
2020-02-27,0.1742985367853112
2020-02-28,0.20496739029160085
2020-03-02,0.19641702921902587
2020-03-03,0.21197059377764801
2020-03-04,0.19800821977555125
2020-03-05,0.1928291982266083
2020-03-06,0.1784264146834572
2020-03-09,0.17743430432293883
2020-03-10,0.24592132589922655
2020-03-11,0.231917428443203
2020-03-12,0.2764190952857512
2020-03-13,0.34979998009892027
2020-03-16,0.3072419367547066
2020-03-17,0.31023251449630557
2020-03-18,0.30248156273472865
2020-03-19,0.3569604290436932
2020-03-20,0.3497556332394231
2020-03-23,0.34667700632681514
2020-03-24,0.3448668912102546
2020-03-25,0.3580862568929079
2020-03-26,0.35449785221785746
2020-03-27,0.35253849287014416
2020-03-30,0.3494492703360837
2020-03-31,0.3473571269109092
2020-04-01,0.34687594208069594
2020-04-02,0.34262999500139424
2020-04-03,0.3454204263804502
2020-04-06,0.3386229540527843
2020-04-07,0.3391127859409121
2020-04-08,0.33838463577717737
2020-04-09,0.3368200013535613
2020-04-13,0.33219716043361897
2020-04-14,0.3302784039863673
2020-04-15,0.329915544827722
2020-04-16,0.32934258567823266
2020-04-17,0.32916413845133435
2020-04-20,0.32638534415427956
2020-04-21,0.32557898613604064
2020-04-22,0.3265597470899284
2020-04-23,0.32473824404041113
2020-04-24,0.32470208893689506
2020-04-27,0.3245268492469882
2020-04-28,0.3238368644195913
2020-04-29,0.3251231778013106
2020-04-30,0.32649995774112295
2020-05-01,0.3243319206835522
2020-05-04,0.32431596163802534
2020-05-05,0.32461825505321423
2020-05-06,0.32575472260391736
2020-05-07,0.3270986961927256
2020-05-08,0.3291857134069214
2020-05-11,0.3282928753006649
2020-05-12,0.3281339284949158
2020-05-13,0.328087865316095
2020-05-14,0.32827217704251016
2020-05-15,0.3287754105810616
2020-05-18,0.32751148146107223
2020-05-19,0.32591620076318806
2020-05-20,0.32528656952034146
2020-05-21,0.32660315480449675
2020-05-22,0.3261082262254788
2020-05-26,0.3279935048622443
2020-05-27,0.32579903267682525
2020-05-28,0.3255546701172506
2020-05-29,0.3257000326813941
2020-06-01,0.33061770278002506
2020-06-02,0.33040487556443787
2020-06-03,0.33126924390012347
2020-06-04,0.3302850936416191
2020-06-05,0.3328880118217864
2020-06-08,0.33226224243993074
2020-06-09,0.3290584057582996
2020-06-10,0.33687607730660935
2020-06-11,0.32414956284301955
2020-06-12,0.29938806681228597
2020-06-15,0.31740576770805706
2020-06-16,0.318130949154317
2020-06-17,0.33800890538041123
2020-06-18,0.2524918377008375
2020-06-19,0.2556637579924654
2020-06-22,0.25581818379921994
2020-06-23,0.25604098574917333
2020-06-24,0.23754166635242638
2020-06-25,0.2456310985085482
2020-06-26,0.2407162852509742
2020-06-29,0.24521228542426926
2020-06-30,0.24924761672955761
2020-07-01,0.24557786191737793
2020-07-02,0.24939664535771724
2020-07-06,0.2345972083907308
2020-07-07,0.24386281548105165
2020-07-08,0.23393328209519604
2020-07-09,0.23268718960174553
2020-07-10,0.23629450700516075
2020-07-13,0.2456867375627846
2020-07-14,0.2480927985393202
2020-07-15,0.2502767589250361
2020-07-16,0.2543158146386502
2020-07-17,0.25608650493305024
2020-07-20,0.2635013637364237
2020-07-21,0.2663432702952077
2020-07-22,0.24342695956967533
2020-07-23,0.24780141181815746
2020-07-24,0.2468983021843712
2020-07-27,0.24971247986238979
2020-07-28,0.2541306515562026
2020-07-29,0.256348295039276
2020-07-30,0.24942589264181583
2020-07-31,0.25217638320585584
2020-08-03,0.2469013641271451
2020-08-04,0.24793176536004508
2020-08-05,0.2558275061117227
2020-08-06,0.2409363260937332
2020-08-07,0.2319570737130815
2020-08-10,0.24644890648287388
2020-08-11,0.24329714021061363
2020-08-12,0.2705833004250487
2020-08-13,0.26919485946438043
2020-08-14,0.2645029794561718
2020-08-17,0.2685802306439731
2020-08-18,0.28051185794697225
2020-08-19,0.28244426231853753
2020-08-20,0.28415467852482673
2020-08-21,0.28910624022138454
2020-08-24,0.29153424804426914
2020-08-25,0.29607688715921865
2020-08-26,0.298702635385745
2020-08-27,0.2973018173751825
2020-08-28,0.302980150152459
2020-08-31,0.3046022748297407
2020-09-01,0.3059527788337504
2020-09-02,0.31500883008966196
2020-09-03,0.3071486963930278
2020-09-04,0.3231289137459517
2020-09-08,0.33574272575686354
2020-09-09,0.3389607569957917
2020-09-10,0.3364528380692588
2020-09-11,0.3206157594554549
2020-09-14,0.3271824406951005
2020-09-15,0.32942875138408634
2020-09-16,0.3326768764161379
2020-09-17,0.3274780792999784
2020-09-18,0.3250279664601388
2020-09-21,0.3293027239193227
2020-09-22,0.3351519050221751
2020-09-23,0.3337915469487659
2020-09-24,0.34349037989147646
2020-09-25,0.3427266112095848
2020-09-28,0.34525447484547006
2020-09-29,0.3525409355456519
2020-09-30,0.35414152268890214
2020-10-01,0.3495509551816256
2020-10-02,0.3442099004457616
2020-10-05,0.34906231188167663
2020-10-06,0.3441302054478882
2020-10-07,0.3399282569887778
2020-10-08,0.3420710620453493
2020-10-09,0.3484112087599365
2020-10-12,0.3491736139681207
2020-10-13,0.34448770635667403
2020-10-14,0.34122311025438823
2020-10-15,0.3405975938020689
2020-10-16,0.3406526530921347
2020-10-19,0.33836671543917946
2020-10-20,0.33756545658172593
2020-10-21,0.33586851362979503
2020-10-22,0.3387272955367665
2020-10-23,0.33900146836515516
2020-10-26,0.3353487382798299
2020-10-27,0.33493240263232693
2020-10-28,0.33237250952128244
2020-10-29,0.3582558053751477
2020-10-30,0.35883670931506134
2020-11-02,0.35959976972114516
2020-11-03,0.35956688279465593
2020-11-04,0.35911457456411017
2020-11-05,0.3857616062205698
2020-11-06,0.3862507804338788
2020-11-09,0.3874303123260988
2020-11-10,0.3526119999133631
2020-11-11,0.3515050838385574
2020-11-12,0.3604546739147191
2020-11-13,0.35322080075527307
2020-11-16,0.34546849966575455
2020-11-17,0.34625815369139923
2020-11-18,0.3422669292908356
2020-11-19,0.3412200194347773
2020-11-20,0.34369573698771705
2020-11-23,0.34467533618000745
2020-11-24,0.3454176016154806
2020-11-25,0.34142164768049876
2020-11-27,0.3340614262021194
2020-11-30,0.3304250345216554
2020-12-01,0.3335275851665559
2020-12-02,0.3224023048693219
2020-12-03,0.3265034853828047
2020-12-04,0.3252444876375606
2020-12-07,0.31715006542025914
2020-12-08,0.3124538177880129
2020-12-09,0.3059498344707729
2020-12-10,0.3072598098063413
2020-12-11,0.3096873269002946
2020-12-14,0.3099815903835356
2020-12-15,0.3094787941929331
2020-12-16,0.31619495582313184
2020-12-17,0.31829129637914694
2020-12-18,0.31830950378246975
2020-12-21,0.30850927187405774
2020-12-22,0.31060019050863313
2020-12-23,0.2911947276516514
2020-12-24,0.29027225089450315
2020-12-28,0.293755456885272
2020-12-29,0.287575012677278
2020-12-30,0.2888078465779267
2020-12-31,0.2948034911217804
2021-01-04,0.2975161581497758
2021-01-05,0.28562371347591026
2021-01-06,0.28743962662627276
2021-01-07,0.2958718311856123
2021-01-08,0.2941915897299865
2021-01-11,0.27844149031473325
2021-01-12,0.28439170636170547
2021-01-13,0.28802042891181134
2021-01-14,0.28846386412051017
2021-01-15,0.28873960602732596
2021-01-19,0.29077870559384883
2021-01-20,0.2939977985061783
2021-01-21,0.294563767805745
2021-01-22,0.2955204086235537
2021-01-25,0.29697770085775765
2021-01-26,0.2986531980893178
2021-01-27,0.30115351468757934
2021-01-28,0.3016762373103527
2021-01-29,0.2996680570911436
2021-02-01,0.25801022749315766
2021-02-02,0.27873515254860565
2021-02-03,0.26887789928055295
2021-02-04,0.26017646253851895
2021-02-05,0.25816882044739126
2021-02-08,0.21962637846192262
2021-02-09,0.2129119072227686
2021-02-10,0.20693160891131024
2021-02-11,0.2329243470581049
2021-02-12,0.2390653698891748
2021-02-16,0.23547975905951005
2021-02-17,0.2449113253999902
2021-02-18,0.2457029603209471
2021-02-19,0.24681270137646052
2021-02-22,0.24988918194471618
2021-02-23,0.23179210450715337
2021-02-24,0.2307940708500336
2021-02-25,0.23195795364579125
2021-02-26,0.298314734269721
2021-03-01,0.2831613574320906
2021-03-02,0.2681156309424701
2021-03-03,0.2682302246085948
2021-03-04,0.2704398805259859
2021-03-05,0.27378312480750827
2021-03-08,0.2776803617483953
2021-03-09,0.29246070362212356
2021-03-10,0.30777192897772965
2021-03-11,0.3109494572382148
2021-03-12,0.31238492024002595
2021-03-15,0.315548485011088
2021-03-16,0.31209270335907957
2021-03-17,0.3119985769274043
2021-03-18,0.31079387226352445
2021-03-19,0.3419997154598463
2021-03-22,0.3447925725282355
2021-03-23,0.3406990823303788
2021-03-24,0.336892909548859
2021-03-25,0.3314939367471636
2021-03-26,0.3302675599664087
2021-03-29,0.33248855619225726
2021-03-30,0.33304513422181226
2021-03-31,0.3337894466875845
2021-04-01,0.33194116643766763
2021-04-05,0.34592266657033743
2021-04-06,0.3406602509049937
2021-04-07,0.3465380682554534
2021-04-08,0.3452736557809005
2021-04-09,0.3492006763695036
2021-04-12,0.351915654150342
2021-04-13,0.3671063918018054
2021-04-14,0.36803349414845554
2021-04-15,0.3655171344090452
2021-04-16,0.37760685307252617
2021-04-19,0.37806926876196534
2021-04-20,0.378015206648398
2021-04-21,0.3712402960433467
2021-04-22,0.3683933868305956
2021-04-23,0.3669148667563994
2021-04-26,0.36612606813050913
2021-04-27,0.364700444922936
2021-04-28,0.36400221746012135
2021-04-29,0.3653415550631251
2021-04-30,0.36774583632295904
2021-05-03,0.3692041537486516
2021-05-04,0.35447873431040283
2021-05-05,0.3672206110353399
2021-05-06,0.3678362094025524
2021-05-07,0.37464940776420713
2021-05-10,0.3761149242717939
2021-05-11,0.37457438407584426
2021-05-12,0.37315882129798633
2021-05-13,0.3861321216302962
2021-05-14,0.3815877155477872
2021-05-17,0.3943454657936348
2021-05-18,0.39676192058107923
2021-05-19,0.3975653111233311
2021-05-20,0.39926140309506536
2021-05-21,0.3998918503581127
2021-05-24,0.4145310722965775
2021-05-25,0.41949657688607495
2021-05-26,0.4200796888128366
2021-05-27,0.38761003583883613
2021-05-28,0.41429990065064093
2021-06-01,0.43433206359053533
2021-06-02,0.4345567614303907
2021-06-03,0.4329312629937981
2021-06-04,0.43914809385328407
2021-06-07,0.44883990379706207
2021-06-08,0.43618463197449064
2021-06-09,0.42263006379944806
2021-06-10,0.42085619476075414
2021-06-11,0.426955078327954
2021-06-14,0.42383041393401183
2021-06-15,0.42208567636409994
2021-06-16,0.4233193593527522
2021-06-17,0.43393013717292717
2021-06-18,0.36289764772717714
2021-06-21,0.34655591857749035
2021-06-22,0.3424735033903318
2021-06-23,0.3403418760540521
2021-06-24,0.35049248143909884
2021-06-25,0.352786654957023
2021-06-28,0.35044020934466064
2021-06-29,0.34605435774707655
2021-06-30,0.3418498316618341
2021-07-01,0.3468411405341759
2021-07-02,0.32012096421903247
2021-07-06,0.33393858758337447
2021-07-07,0.32827555255339225
2021-07-08,0.32621028249887574
2021-07-09,0.3172910202915189
2021-07-12,0.30980000396968377
2021-07-13,0.3089922045093216
2021-07-14,0.30101183235955004
2021-07-15,0.3024733695095753
2021-07-16,0.27725855977208874
2021-07-19,0.2841290537575086
2021-07-20,0.2774719054764727
2021-07-21,0.2751619335721653
2021-07-22,0.2694984093836954
2021-07-23,0.2741657226747404
2021-07-26,0.27077693184832563
2021-07-27,0.27114500899259975
2021-07-28,0.26967556209125976
2021-07-29,0.2691088423963868
2021-07-30,0.269903627981649
2021-08-02,0.2671655595670499
2021-08-03,0.26621678897094364
2021-08-04,0.2705484220093253
2021-08-05,0.272623533413981
2021-08-06,0.26909618642266747
2021-08-09,0.28342006726473024
2021-08-10,0.283906834342623
2021-08-11,0.28410827545474837
2021-08-12,0.2542961910783825
2021-08-13,0.2607618410335179
2021-08-16,0.24156831168846074
2021-08-17,0.2466023267015539
2021-08-18,0.25620370685575133
2021-08-19,0.24965099037701402
2021-08-20,0.24485462732304902
2021-08-23,0.24221444565082478
2021-08-24,0.25647743448571536
2021-08-25,0.254042657825825
2021-08-26,0.2540627004545917
2021-08-27,0.25782653788703824
2021-08-30,0.27509898700526625
2021-08-31,0.2778002666912842
2021-09-01,0.2754208020127068
2021-09-02,0.26306975373435953
2021-09-03,0.24285012757355234
2021-09-07,0.23785091978462536
2021-09-08,0.24484409464934853
2021-09-09,0.2428742001394759
2021-09-10,0.23586632766540438
2021-09-13,0.23697488846194217
2021-09-14,0.24166773151475762
2021-09-15,0.24074293899861496
2021-09-16,0.2249905769132679
2021-09-17,0.2491368914029919
2021-09-20,0.2706442330904471
2021-09-21,0.2706624857340243
2021-09-22,0.27176900672100596
2021-09-23,0.2769250387258056
2021-09-24,0.2635436020282163
2021-09-27,0.26676036801124703
2021-09-28,0.2644668854329635
2021-09-29,0.29218044309414887
2021-09-30,0.2889380954265429
2021-10-01,0.2824542076749048
2021-10-04,0.28230267032186424
2021-10-05,0.28132481171866125
2021-10-06,0.2801458258454849
2021-10-07,0.28067113526381465
2021-10-08,0.28096106124313447
2021-10-11,0.28037665830728176
2021-10-12,0.28115694232243427
2021-10-13,0.28252194814293974
2021-10-14,0.2969489552264666
2021-10-15,0.30437987357516505
2021-10-18,0.3119911245587991
2021-10-19,0.31266408014276176
2021-10-20,0.3175256712546431
2021-10-21,0.3134720848541251
2021-10-22,0.3182854126840412
2021-10-25,0.316884449787628
2021-10-26,0.32097874638068125
2021-10-27,0.31832285937167887
2021-10-28,0.3081901950779178
2021-10-29,0.30797022645719224
2021-11-01,0.3127985900725155
2021-11-02,0.31129559360848813
2021-11-03,0.3102616849124789
2021-11-04,0.30527964794326706
2021-11-05,0.29223594714268813
2021-11-08,0.2982110317332927
2021-11-09,0.29918981159899277
2021-11-10,0.29600466252103086
2021-11-11,0.3064395421675624
2021-11-12,0.3026812739055025
2021-11-15,0.3035064476156634
2021-11-16,0.30060297574018224
2021-11-17,0.29842478284492213
2021-11-18,0.2977217113420219
2021-11-19,0.30212556711745164
2021-11-22,0.27884819358173696
2021-11-23,0.2896810381775739
2021-11-24,0.2862083634337173
2021-11-26,0.2822514090234609
2021-11-29,0.27530173559447424
2021-11-30,0.26964967271575774
2021-12-01,0.2676776335028658
2021-12-02,0.2616352008185955
2021-12-03,0.2639496765757916
2021-12-06,0.2623760587677214
2021-12-07,0.2563800248973369
2021-12-08,0.26336360838920475
2021-12-09,0.2633555589301796
2021-12-10,0.2662097598873623
2021-12-13,0.2667525308344341
2021-12-14,0.26317406538027677
2021-12-15,0.2682133938469805
2021-12-16,0.262104701236535
2021-12-17,0.2511995586388632
2021-12-20,0.2533892174024016
2021-12-21,0.2585444542184015
2021-12-22,0.26042055322433677
2021-12-23,0.27332883362777943
2021-12-27,0.271650502571193
2021-12-28,0.27782418763216815
2021-12-29,0.25786790159818584
2021-12-30,0.26312854029056437
2021-12-31,0.268311760925795
2022-01-03,0.2637138214036559
2022-01-04,0.2690163372314704
2022-01-05,0.2681346439359322
2022-01-06,0.2842704183594717
2022-01-07,0.2840900303115909
2022-01-10,0.2826542704455572
2022-01-11,0.281348636044372
2022-01-12,0.29554638512501114
2022-01-13,0.28734140594922913
2022-01-14,0.280092677397736
2022-01-18,0.28314731939922927
2022-01-19,0.2844577493072458
2022-01-20,0.28247035759763156
2022-01-21,0.2796297354977159
2022-01-24,0.2718000991397899
2022-01-25,0.2710873896315768
2022-01-26,0.2673802151611838
2022-01-27,0.27420265821973705
2022-01-28,0.27161537703401456
2022-01-31,0.2697722827485604
2022-02-01,0.2702564989612433
2022-02-02,0.27136911468634134
2022-02-03,0.27486973659669445
2022-02-04,0.2858731698725123
2022-02-07,0.28084647900975085
2022-02-08,0.2687212399114403
2022-02-09,0.26685962132288626
2022-02-10,0.27266051048364404
2022-02-11,0.28371499583714843
2022-02-14,0.2712325762952489
2022-02-15,0.2691359208625954
2022-02-16,0.25605760109015013
2022-02-17,0.25854707371921876
2022-02-18,0.2521250384533657
2022-02-22,0.2525805732801839
2022-02-23,0.24990380668977888
2022-02-24,0.2408041052808048
2022-02-25,0.23175760226279768
2022-02-28,0.22860367762502373
2022-03-01,0.22149021731186166
2022-03-02,0.2090824002569669
2022-03-03,0.19789362120513576
2022-03-04,0.19833334464433822
2022-03-07,0.17747575581289515
2022-03-08,0.17505440331334737
2022-03-09,0.1751945557381031
2022-03-10,0.1371213158707912
2022-03-11,0.14134780743646377
2022-03-14,0.13928265736638507
2022-03-15,0.16126994020916088
2022-03-16,0.15527700666934507
2022-03-17,0.16912005650603418
2022-03-18,0.1762913232251295
2022-03-21,0.1768342860107723
2022-03-22,0.17078955384646055
2022-03-23,0.16434872797863026
2022-03-24,0.15922100912053444
2022-03-25,0.15314731356599715
2022-03-28,0.15319659205786826
2022-03-29,0.1440627707994735
2022-03-30,0.15186976061351617
2022-03-31,0.15141069133029678
2022-04-01,0.15379684911569996
2022-04-04,0.1528634413087185
2022-04-05,0.15596518593187308
2022-04-06,0.17486207259870612
2022-04-07,0.17034688659380212
2022-04-08,0.1711669629924466
2022-04-11,0.17084880508485298
2022-04-12,0.17522548002551694
2022-04-13,0.16813412168538241
2022-04-14,0.1740681658431649
2022-04-18,0.17816786296847956
2022-04-19,0.17890402515501164
2022-04-20,0.17737232650299994
2022-04-21,0.177056836584283
2022-04-22,0.18435184237157118
2022-04-25,0.19736963501115498
2022-04-26,0.19198654756357988
2022-04-27,0.18919122427220653
2022-04-28,0.18607622256811834
2022-04-29,0.193714627772202
2022-05-02,0.2044284441432106
2022-05-03,0.20028043335995963
2022-05-04,0.19883227167847753
2022-05-05,0.22022300595339586
2022-05-06,0.24128236059173774
2022-05-09,0.2440050683781546
2022-05-10,0.25595724137747167
2022-05-11,0.25367069999115355
2022-05-12,0.24699040593682456
2022-05-13,0.23923776387919188
2022-05-16,0.24311062261431904
2022-05-17,0.24391932895403423
2022-05-18,0.244442845073836
2022-05-19,0.2398222695212638
2022-05-20,0.24755473594036312
2022-05-23,0.24838678328511649
2022-05-24,0.24860883353564964
2022-05-25,0.24883552323076283
2022-05-26,0.2528343056493219
2022-05-27,0.2544442221649054
2022-05-31,0.26007899864504813
2022-06-01,0.27068930719208617
2022-06-02,0.27692074304509423
2022-06-03,0.2890332990373639
2022-06-06,0.3037730301474552
2022-06-07,0.30876178496798484
2022-06-08,0.31585138695962056
2022-06-09,0.3477561941433592
2022-06-10,0.3500553649406349
2022-06-13,0.34977666773738847
2022-06-14,0.37911953384526237
2022-06-15,0.38746661720912584
2022-06-16,0.39885757193136423
2022-06-17,0.3841141571056444
2022-06-21,0.37990144508328355
2022-06-22,0.38784475574004396
2022-06-23,0.3849412025939045
2022-06-24,0.3819441818291063
2022-06-27,0.3839642496071621
2022-06-28,0.3841581656612716
2022-06-29,0.3940830027009284
2022-06-30,0.38652651228890866
2022-07-01,0.3817230207739663
2022-07-05,0.38200214203160154
2022-07-06,0.3773808503029384
2022-07-07,0.3750379237712285
2022-07-08,0.3672147365584086
2022-07-11,0.36614623875259233
2022-07-12,0.3631034528999628
2022-07-13,0.3612374429581597
2022-07-14,0.36197542911709363
2022-07-15,0.3620077157540952
2022-07-18,0.36069846568067154
2022-07-19,0.35759900007925693
2022-07-20,0.3594682221272262
2022-07-21,0.3606642328008548
2022-07-22,0.36189642645166137
2022-07-25,0.3562066966968071
2022-07-26,0.34938620694495176
2022-07-27,0.3538519846223085
2022-07-28,0.37222453526773364
2022-07-29,0.37609286942466486
2022-08-01,0.37494060924063055
2022-08-02,0.3687342825262292
2022-08-03,0.3756727610077164
2022-08-04,0.37566872342526886
2022-08-05,0.3587504792894676
2022-08-08,0.34555212303322175
2022-08-09,0.34797834188085924
2022-08-10,0.33353601128093113
2022-08-11,0.3371817126584712
2022-08-12,0.34066217324663217
2022-08-15,0.3459828788763691
2022-08-16,0.35101918017614137
2022-08-17,0.3538331326937483
2022-08-18,0.36242841424559663
2022-08-19,0.3671861335206477
2022-08-22,0.37353360638685346
2022-08-23,0.3731800516135315
2022-08-24,0.37582163588414164
2022-08-25,0.3807416449857334
2022-08-26,0.38200358853679073
2022-08-29,0.3822642581223382
2022-08-30,0.37814167868484094
2022-08-31,0.3821869987226078
2022-09-01,0.3878141398389267
2022-09-02,0.38100775530325515
2022-09-06,0.37985650351047084
2022-09-07,0.38387734098189
2022-09-08,0.3779672836144871
2022-09-09,0.3791558928008308
2022-09-12,0.3874192987994484
2022-09-13,0.3917848535507933
2022-09-14,0.36074257570462986
2022-09-15,0.36297792196510015
2022-09-16,0.35616217232641917
2022-09-19,0.37104961892357274
2022-09-20,0.37418347219760256
2022-09-21,0.3841493421226708
2022-09-22,0.3845691950106817
2022-09-23,0.3891790873758995
2022-09-26,0.4041291185010451
2022-09-27,0.4192844597592929
2022-09-28,0.421051408080737
2022-09-29,0.45739751555962327
2022-09-30,0.46135765509280646
2022-10-03,0.46283474458178614
2022-10-04,0.49439226307880757
2022-10-05,0.5049612176362449
2022-10-06,0.5035270045946267
2022-10-07,0.5039283820124904
2022-10-10,0.5087404045699051
2022-10-11,0.5176268169930099
2022-10-12,0.5163763840410664
2022-10-13,0.5160506996021201
2022-10-14,0.5071132515794169
2022-10-17,0.5183494099352436
2022-10-18,0.5180843473475392
2022-10-19,0.5189952560081295
2022-10-20,0.5217972584752594
2022-10-21,0.5272984363469646
2022-10-24,0.527728038624478
2022-10-25,0.5215486626813947
2022-10-26,0.5179816845323024
2022-10-27,0.515636036817148
2022-10-28,0.5117650549423463
2022-10-31,0.5098392298529044
2022-11-01,0.5105899883715121
2022-11-02,0.5151213485791408
2022-11-03,0.5169404068233721
2022-11-04,0.5167201869640642
2022-11-07,0.5167852292420415
2022-11-08,0.517505735696151
2022-11-09,0.5129261881007149
2022-11-10,0.5176274277258903
2022-11-11,0.5526478801576717
2022-11-14,0.5550497129068845
2022-11-15,0.5550633999456395
2022-11-16,0.5558807139374318
2022-11-17,0.5527743098868186
2022-11-18,0.5506148653090808
2022-11-21,0.5519599955734538
2022-11-22,0.5523927640540742
2022-11-23,0.5560005794649093
2022-11-25,0.5550213720956411
2022-11-28,0.5578357659257162
2022-11-29,0.5605271596305683
2022-11-30,0.5572398861948548
2022-12-01,0.5671486375211768
2022-12-02,0.5636243410064715
2022-12-05,0.5648541314543721
2022-12-06,0.5737363268334218
2022-12-07,0.5805856221869639
2022-12-08,0.5775813661095499
2022-12-09,0.5741281657370212
2022-12-12,0.5735929064442757
2022-12-13,0.5711456606641717
2022-12-14,0.5754318227626534
2022-12-15,0.5710880248218841
2022-12-16,0.5734387772700266
2022-12-19,0.5727704494122482
2022-12-20,0.5701153266075601
2022-12-21,0.5675978499838745
2022-12-22,0.5684387127168461
2022-12-23,0.5645358847297489
2022-12-27,0.5517097131631067
2022-12-28,0.5508077914555622
2022-12-29,0.535198712618021
2022-12-30,0.5345881963848708
2023-01-03,0.5299969147189948
2023-01-04,0.5056599595365486
2023-01-05,0.4865844998927389
2023-01-06,0.4915430372768505
2023-01-09,0.5039564457991361
2023-01-10,0.5065564536071959
2023-01-11,0.49842641685170386
2023-01-12,0.4994866455869283
2023-01-13,0.5027916984009351
2023-01-17,0.5076843269616933
2023-01-18,0.49434102831511983
2023-01-19,0.48923268448843427
2023-01-20,0.4874403779801764
2023-01-23,0.4798635525574459
2023-01-24,0.4773362138727884
2023-01-25,0.4779834267803988
2023-01-26,0.48485230674363666
2023-01-27,0.47782380263339935
2023-01-30,0.48096700160783806
2023-01-31,0.4895326001808292
2023-02-01,0.49971536194807
2023-02-02,0.4904782378209784
2023-02-03,0.4817398269033341
2023-02-06,0.503705695894641
2023-02-07,0.5023463075640109
2023-02-08,0.49765987835490394
2023-02-09,0.49586532519793325
2023-02-10,0.5028473363075734
2023-02-13,0.4921140041196965
2023-02-14,0.43872543390680385
2023-02-15,0.4392973585069569
2023-02-16,0.439179269698433
2023-02-17,0.43821551913969314
2023-02-21,0.44075038461681515
2023-02-22,0.44132941273953896
2023-02-23,0.4385743997239403
2023-02-24,0.4399370479221064
2023-02-27,0.43920140717146294
2023-02-28,0.4419218227415926
2023-03-01,0.4402884232039701
2023-03-02,0.4328602857491562
2023-03-03,0.4348727179808477
2023-03-06,0.4224640737950206
2023-03-07,0.4226762913106115
2023-03-08,0.43331612990293905
2023-03-09,0.40815781227846337
2023-03-10,0.40621699909599795
2023-03-13,0.400641892964879
2023-03-14,0.39124518399685876
2023-03-15,0.3837601287077589
2023-03-16,0.36928764929072305
2023-03-17,0.35089959454597536
2023-03-20,0.3415908908476544
2023-03-21,0.3299889513670279
2023-03-22,0.32206135664842345
2023-03-23,0.3162465165309615
2023-03-24,0.32220558554075224
2023-03-27,0.3177559791313353
2023-03-28,0.3040288865425737
2023-03-29,0.30538355445845533
2023-03-30,0.30791706230838445
2023-03-31,0.30417113330389856
2023-04-03,0.3000071899240686
2023-04-04,0.30354392211950504
2023-04-05,0.30608690722965565
2023-04-06,0.3146929496086175
2023-04-10,0.3106447143317685
2023-04-11,0.2851840441473665
2023-04-12,0.2851456177734361
2023-04-13,0.28582731932127053
2023-04-14,0.27850176852643643
2023-04-17,0.27194371191305233
2023-04-18,0.2740885184257513
2023-04-19,0.27511792770159593
2023-04-20,0.2867538080869624
2023-04-21,0.2893676878841594
2023-04-24,0.29285806719300006
2023-04-25,0.29682146483870137
2023-04-26,0.29182970700836586
2023-04-27,0.29286167274150693
2023-04-28,0.29217429818759705
2023-05-01,0.2969571969950455
2023-05-02,0.2935755531125639
2023-05-03,0.2756386248240802
2023-05-04,0.27370078644263407
2023-05-05,0.2805388725861667
2023-05-08,0.23897464630466356
2023-05-09,0.23588335797180934
2023-05-10,0.23496406589238372
2023-05-11,0.2361659108936295
2023-05-12,0.22985264905180836
2023-05-15,0.23849482632890126
2023-05-16,0.23567466361599562
2023-05-17,0.2416669454805199
2023-05-18,0.24000142333019173
2023-05-19,0.23348556654314415
2023-05-22,0.23453938460423362
2023-05-23,0.21673653720068092
2023-05-24,0.21819333143895422
2023-05-25,0.21855529988353858
2023-05-26,0.20122407046669052
2023-05-30,0.21426057001554846
2023-05-31,0.2092514335083685
2023-06-01,0.21541197041324076
2023-06-02,0.22844766327977814
2023-06-05,0.19562469197747898
2023-06-06,0.1941250481830985
2023-06-07,0.17105967522776683
2023-06-08,0.17875054917365873
2023-06-09,0.18585771471631335
2023-06-12,0.1907591557871429
2023-06-13,0.19437981666584
2023-06-14,0.19816153277541113
2023-06-15,0.21146137371718376
2023-06-16,0.22845645739138745
2023-06-20,0.24004442990620634
2023-06-21,0.2453901601542363
2023-06-22,0.24965086360225444
2023-06-23,0.2634478577510365
2023-06-26,0.26092071646741105
2023-06-27,0.2606671975937215
2023-06-28,0.2639936766002899
2023-06-29,0.2649526431089438
2023-06-30,0.27096475807833226
2023-07-03,0.2717291286973898
2023-07-05,0.2637904891537198
2023-07-06,0.25924749146949666
2023-07-07,0.27785288892975923
2023-07-10,0.28032735429070577
2023-07-11,0.28170658373370216
2023-07-12,0.2862788051096959
2023-07-13,0.31308569692827337
2023-07-14,0.33209735796399925
2023-07-17,0.3349520802768305
2023-07-18,0.3312956718134666
2023-07-19,0.33257426623970987
2023-07-20,0.33168999383898484
2023-07-21,0.3360149779154975
2023-07-24,0.337540866535867
2023-07-25,0.3357001812499842
2023-07-26,0.33470428962983534
2023-07-27,0.345551691440879
2023-07-28,0.3547858709816534
2023-07-31,0.36894783264058406
2023-08-01,0.36462600034073167
2023-08-02,0.36858174341445116
2023-08-03,0.410856686807538
2023-08-04,0.4132913640061402
2023-08-07,0.4127982647371592
2023-08-08,0.41914031111794114
2023-08-09,0.41642912640259605
2023-08-10,0.4158099024765431
2023-08-11,0.4174284994028084
2023-08-14,0.42524035312626873
2023-08-15,0.4186291842714589
2023-08-16,0.4284530124344326
2023-08-17,0.42957330869663546
2023-08-18,0.427581228776865
2023-08-21,0.43286956079441785
2023-08-22,0.429939567957397
2023-08-23,0.4305755986482277
2023-08-24,0.44852149735104196
2023-08-25,0.4496963454076288
2023-08-28,0.45781353289909527
2023-08-29,0.4476391866005589
2023-08-30,0.47473661997024685
2023-08-31,0.4787978688679361
2023-09-01,0.46371988967140465
2023-09-05,0.47488403530995343
2023-09-06,0.47699111576362807
2023-09-07,0.47708803127310084
2023-09-08,0.47299056088621155
2023-09-11,0.47277176146350414
2023-09-12,0.4714958971038507
2023-09-13,0.4794911040695992
2023-09-14,0.48791990331968205
2023-09-15,0.4854249543871104
2023-09-18,0.46691045721582225
2023-09-19,0.4693612358608947
2023-09-20,0.4736737833841016
2023-09-21,0.4797450369887344
2023-09-22,0.48860079607277945
2023-09-25,0.4957387313772505
2023-09-26,0.49779901623897277
2023-09-27,0.5145562454022136
2023-09-28,0.511694565041394
2023-09-29,0.509165426292943
2023-10-02,0.49920499213058644
2023-10-03,0.5066792698650696
2023-10-04,0.5148344709571326
2023-10-05,0.48151237918940504
2023-10-06,0.48004488971892045
2023-10-09,0.4755723752864697
2023-10-10,0.4800257407923517
2023-10-11,0.45487058389091173
2023-10-12,0.43464927397795033
2023-10-13,0.4377161350231029
2023-10-16,0.4274123945859778
2023-10-17,0.4167017008361614
2023-10-18,0.41384932822764214
2023-10-19,0.40152495921116976
2023-10-20,0.3943773526014824
2023-10-23,0.3892056364082278
2023-10-24,0.3830771824096209
2023-10-25,0.3788663022880124
2023-10-26,0.37126758729746306
2023-10-27,0.3513901407621224
2023-10-30,0.34952584089254296
2023-10-31,0.3341840298311009
2023-11-01,0.31263968601754427
2023-11-02,0.32286984657292117
2023-11-03,0.34428273501301593
2023-11-06,0.3499178926613107
2023-11-07,0.3510374883362925
2023-11-08,0.34712277966028554
2023-11-09,0.3450560769241898
2023-11-10,0.34487621837143423
2023-11-13,0.3437233496279166
2023-11-14,0.33570719411495703
2023-11-15,0.35418155300373544
2023-11-16,0.3543515780839668
2023-11-17,0.34693159891542147
2023-11-20,0.35321538089831794
2023-11-21,0.3547019582257283
2023-11-22,0.3399539499352259
2023-11-24,0.3360955853762288
2023-11-27,0.3310574524176542
2023-11-28,0.3274864656218053
2023-11-29,0.3175883524963472
2023-11-30,0.31766217881603875
2023-12-01,0.32040116584153683
2023-12-04,0.3268394443948125
2023-12-05,0.33524832310410596
2023-12-06,0.33088214258235255
2023-12-07,0.33027833984654226
2023-12-08,0.32912898414603886
2023-12-11,0.3268575018643422
2023-12-12,0.32671614748333205
2023-12-13,0.32572633796149375
2023-12-14,0.3580672701491801
2023-12-15,0.3699087384466755
2023-12-18,0.3699709198387689
2023-12-19,0.3691297524938047
2023-12-20,0.37182280677017354
2023-12-21,0.3618552276210064
2023-12-22,0.3619007449159771
2023-12-26,0.36102054689210433
2023-12-27,0.35850011425043044
2023-12-28,0.3592601164522505
2023-12-29,0.3623913008293762
2024-01-02,0.36254323289606827
2024-01-03,0.361861029710511
2024-01-04,0.3488358738491711
2024-01-05,0.3579174962622318
2024-01-08,0.35701126230141017
2024-01-09,0.3535422500594146
2024-01-10,0.3435631986061935
2024-01-11,0.34496081579287174
2024-01-12,0.3451425983401941
2024-01-16,0.33815767490553544
2024-01-17,0.3581159270644868
2024-01-18,0.3661836118650346
2024-01-19,0.369246156385423
2024-01-22,0.37452029843074036
2024-01-23,0.3803519687961512
2024-01-24,0.3838183438801984
2024-01-25,0.3827883703553234
2024-01-26,0.38780224492931004
2024-01-29,0.3882642643090908
2024-01-30,0.39624802903521816
2024-01-31,0.39823213211960035
2024-02-01,0.40181183010032895
2024-02-02,0.40170019721688327
2024-02-05,0.3976846735375278
2024-02-06,0.3850534232620586
2024-02-07,0.3842569264477017
2024-02-08,0.38525973860038865
2024-02-09,0.38721569199362765
2024-02-12,0.38900938601342305
2024-02-13,0.3860246912126765
2024-02-14,0.4132737710072272
2024-02-15,0.41450690595569006
2024-02-16,0.39376284093183717
2024-02-20,0.39088656920501025
2024-02-21,0.39992698272442806
2024-02-22,0.39906343278736767
2024-02-23,0.39815082736709545
2024-02-26,0.397725386674117
2024-02-27,0.397190798861352
2024-02-28,0.401573965769212
2024-02-29,0.4039255405408846
2024-03-01,0.40160506648322913
2024-03-04,0.4139831868539998
2024-03-05,0.4049099724278065
2024-03-06,0.3996540792016522
2024-03-07,0.39418814872870267
2024-03-08,0.4018026088399411
2024-03-11,0.406799212569453
2024-03-12,0.40672827004764844
2024-03-13,0.4053386416020157
2024-03-14,0.4024990465621796
2024-03-15,0.406306301599629
2024-03-18,0.3687506020596913
2024-03-19,0.35298057611246725
2024-03-20,0.35186827407818744
2024-03-21,0.35354085528534085
2024-03-22,0.3449276785534584
2024-03-25,0.3437281336170544
2024-03-26,0.3425180389242479
2024-03-27,0.34226695615721126
2024-03-28,0.33962014653503925
2024-04-01,0.338683035432186
2024-04-02,0.3289075638812888
2024-04-03,0.3162882101535128
2024-04-04,0.3044812312481318
2024-04-05,0.3073843220073306
2024-04-08,0.297143228986511
2024-04-09,0.29762972408736577
2024-04-10,0.3076372225420619
2024-04-11,0.3256670713799664
2024-04-12,0.3248518966512123
2024-04-15,0.3231559335057614
2024-04-16,0.3137611931076632
2024-04-17,0.2976182536046218
2024-04-18,0.2875217636070519
2024-04-19,0.2862364313700484
2024-04-22,0.28440144530676187
2024-04-23,0.27046059921256976
2024-04-24,0.27510701349950184
2024-04-25,0.27854918670008394
2024-04-26,0.27175117118283115
2024-04-29,0.274030642975209
2024-04-30,0.2737584566593105
2024-05-01,0.3099311890775254
2024-05-02,0.3054439226130982
2024-05-03,0.3109303121001563
2024-05-06,0.30596091392108876
2024-05-07,0.30983917493262636
2024-05-08,0.3058368709078156
2024-05-09,0.30847527926467483
2024-05-10,0.3146537122502952
2024-05-13,0.3158828617422363
2024-05-14,0.31549346689674934
2024-05-15,0.2837001097643579
2024-05-16,0.3071698985713346
2024-05-17,0.3009848773146522
2024-05-20,0.30087535733966037
2024-05-21,0.30109909964354176
2024-05-22,0.3005277708440071
2024-05-23,0.3116172646329615
2024-05-24,0.329113331483449
2024-05-28,0.33403601003017536
2024-05-29,0.3242170292164349
2024-05-30,0.3422077296363707
2024-05-31,0.33285195585465305
2024-06-03,0.3101353184920777
2024-06-04,0.30477914669822614
2024-06-05,0.3071056688309276
2024-06-06,0.3089403606163955
2024-06-07,0.30774002710219756
2024-06-10,0.3323605355523606
2024-06-11,0.3341813574824566
2024-06-12,0.33604507870019035
2024-06-13,0.3447260914895708
2024-06-14,0.337815431148732
2024-06-17,0.33439990514893203
2024-06-18,0.3304730713602289
2024-06-20,0.3351020265192747
2024-06-21,0.3316372796745153
2024-06-24,0.33426880424985894
2024-06-25,0.33418079155203767
2024-06-26,0.3333834502282564
2024-06-27,0.33495651631163176
2024-06-28,0.3343200579797256
2024-07-01,0.3382835001576918
2024-07-02,0.3369696630605345
2024-07-03,0.34360946074974974
2024-07-05,0.35256503573417874
2024-07-08,0.3635343908681996
2024-07-09,0.3698846728764157
2024-07-10,0.371080961239646
2024-07-11,0.3740692958516741
2024-07-12,0.3568183909324095
2024-07-15,0.3587319158679211
2024-07-16,0.3629428488456778
2024-07-17,0.37004435555689436
2024-07-18,0.3632962807493163
2024-07-19,0.38067450641479583
2024-07-22,0.3938636665508708
2024-07-23,0.39857501327003625
2024-07-24,0.4119288716523651
2024-07-25,0.41385381084641687
2024-07-26,0.41057776558707915
2024-07-29,0.41071955047707875
2024-07-30,0.40882453563768023
2024-07-31,0.40675318715230496
2024-08-01,0.4113005786134453
2024-08-02,0.41769557780395306
2024-08-05,0.3889801847862835
2024-08-06,0.39625881136486046
2024-08-07,0.3852269718391955
2024-08-08,0.3807946546577961
2024-08-09,0.38458933193352846
2024-08-12,0.384491487784983
2024-08-13,0.3866926441754528
2024-08-14,0.38495436747692763
2024-08-15,0.3835795473162195
2024-08-16,0.3650000887954836
2024-08-19,0.3632733211306058
2024-08-20,0.3660326307398385
2024-08-21,0.3657321937591635
2024-08-22,0.36518527617576785
2024-08-23,0.36417306977506375
2024-08-26,0.37420527396378145
2024-08-27,0.368456225002925
2024-08-28,0.38205304609360285
2024-08-29,0.37652723689303547
2024-08-30,0.38179344372304164
2024-09-03,0.385503865662333
2024-09-04,0.3942367541159114
2024-09-05,0.394635250927023
2024-09-06,0.38877916614849345
2024-09-09,0.4002889741718579
2024-09-10,0.3878040661782279
2024-09-11,0.3864718500523312
2024-09-12,0.3887701804542143
2024-09-13,0.38433336875101576
2024-09-16,0.3905879716235409
2024-09-17,0.3980297201116943
2024-09-18,0.4009393676176606
2024-09-19,0.40274962462442426
2024-09-20,0.4165960801805817
2024-09-23,0.4152966610815643
2024-09-24,0.4153771525416396
2024-09-25,0.4133117918008652
2024-09-26,0.41642956022925953
2024-09-27,0.40463118770996587
2024-09-30,0.3999771320209079
2024-10-01,0.4060424782904266
2024-10-02,0.4001752869293526
2024-10-03,0.3874170791726572
2024-10-04,0.3756258452517304
2024-10-07,0.37144262682282364
2024-10-08,0.36501797495324495
2024-10-09,0.3564432425988859
2024-10-10,0.3592890572202488
2024-10-11,0.35829980484944
2024-10-14,0.35707391855001575
2024-10-15,0.35314100616169636
2024-10-16,0.34845113794759963
2024-10-17,0.3421919294182969
2024-10-18,0.33347202349784766
2024-10-21,0.33113134681636525
2024-10-22,0.3317046920558925
2024-10-23,0.31942851962097263
2024-10-24,0.33164717269074023
2024-10-25,0.33127553430333156
2024-10-28,0.3310431719895899
2024-10-29,0.32910070645246753
2024-10-30,0.30016377145577666
2024-10-31,0.29725835605638296
2024-11-01,0.31649340749254984
2024-11-04,0.3061586076416475
2024-11-05,0.31365111920049404
2024-11-06,0.320462218008457
2024-11-07,0.3001937692030875
2024-11-08,0.31753497459620894
2024-11-11,0.30970957522605347
2024-11-12,0.3127747912502634
2024-11-13,0.3234082186124078
2024-11-14,0.32730995828089166
2024-11-15,0.32630203831786087
2024-11-18,0.3279089198408377
2024-11-19,0.3377786459983223
2024-11-20,0.3400707051781806
2024-11-21,0.3340661090030579
2024-11-22,0.31236282090516215
2024-11-25,0.3145926628392186
2024-11-26,0.29529699618086425
2024-11-27,0.29102136058448463
2024-11-29,0.2891669433282849
2024-12-02,0.2956607738701951
2024-12-03,0.2894143326965555
2024-12-04,0.2922729814222942
2024-12-05,0.2923895850885085
2024-12-06,0.279683913691449
2024-12-09,0.2728813715744762
2024-12-10,0.2711506558942201
2024-12-11,0.2667029190633608
2024-12-12,0.2596774768397583
2024-12-13,0.26665233647465325
2024-12-16,0.26524388016046574
2024-12-17,0.26477414054256254
2024-12-18,0.26062843535112956
2024-12-19,0.29538360316345874
2024-12-20,0.29799884501576523
2024-12-23,0.30539475536358657
2024-12-24,0.2971559362644588
2024-12-26,0.2971997905314613
2024-12-27,0.3045635693615108
2024-12-30,0.3085851084068048
2024-12-31,0.30373242187647465
2025-01-02,0.3062736760247336
2025-01-03,0.3102425044358443
2025-01-06,0.31408332823464474
2025-01-07,0.32038542198195163
2025-01-08,0.325067890685131
2025-01-10,0.333364641947805
2025-01-13,0.3206383175436349
2025-01-14,0.3190868635483756
2025-01-15,0.3178912175531972
2025-01-16,0.35745607709517774
2025-01-17,0.3634715205536091
2025-01-21,0.36077020778215785
2025-01-22,0.36350690898160243
2025-01-23,0.36609875942481035
2025-01-24,0.3675967355129376
2025-01-27,0.37090971162630454
2025-01-28,0.3560988077618627
2025-01-29,0.3559177869480961
2025-01-30,0.35624623261752786
2025-01-31,0.3659247892368688
2025-02-03,0.36921713285616764
2025-02-04,0.3695827716075147
2025-02-05,0.376204693043914
2025-02-06,0.37346389752638914
2025-02-07,0.36989766144723907
2025-02-10,0.3674934046260349
2025-02-11,0.39072192451809423
2025-02-12,0.3696592419822805
2025-02-13,0.377468343348977
2025-02-14,0.380460180936516
2025-02-18,0.36854809536842675
2025-02-19,0.35979634651613657
2025-02-20,0.35933850038168824
2025-02-21,0.3555969360783544
2025-02-24,0.3414376780039012
2025-02-25,0.33762766335207006
2025-02-26,0.3260517868773108
2025-02-27,0.3251179770288447
2025-02-28,0.3299369574801349
2025-03-03,0.34708377015768777
2025-03-04,0.33915763780374625
2025-03-05,0.33868113584049997
2025-03-06,0.32192353483400254
2025-03-07,0.3290837919774337
2025-03-10,0.33058637511357064
2025-03-11,0.3300575076015688
2025-03-12,0.3246649370780118
2025-03-13,0.32658042672175475
2025-03-14,0.3235970293836161
2025-03-17,0.3235652631804608
2025-03-18,0.32842436344964243
2025-03-19,0.31834027049867203
2025-03-20,0.31997920405829133
2025-03-21,0.3204680050718421
2025-03-24,0.3215731374233127
2025-03-25,0.2599251261326391
2025-03-26,0.2561849344744344
2025-03-27,0.2560116618812542
2025-03-28,0.25523684471273983
2025-03-31,0.24689220039127552
2025-04-01,0.25020682763298874
2025-04-02,0.2452231139692389
2025-04-03,0.2489413573938551
2025-04-04,0.2956972419165107
2025-04-07,0.36775514858664193
2025-04-08,0.39781519642336455
2025-04-09,0.4069165086614737
2025-04-10,0.46431691813551657
2025-04-11,0.4622184424588352
2025-04-14,0.4761899593493908
2025-04-15,0.47972260051825777
2025-04-16,0.47997234930284044
2025-04-17,0.4564474625851237
2025-04-21,0.45284807539978783
2025-04-22,0.4493522036404481
2025-04-23,0.4442978118156339
2025-04-24,0.43754190978515645
2025-04-25,0.44392195999409334
2025-04-28,0.44158140386872896
2025-04-29,0.4452441093846907
2025-04-30,0.4421996066615841
2025-05-01,0.4421873493221218
2025-05-02,0.4376910544025609
2025-05-05,0.4317428209918528
2025-05-06,0.43004388009425476
2025-05-07,0.4263672923108949
2025-05-08,0.4243153800704738
2025-05-09,0.41980911664601117
2025-05-12,0.4195427074836724
2025-05-13,0.4088905616038529
2025-05-14,0.4087246550448697
2025-05-15,0.4099791192136799
2025-05-16,0.40464720677955185
2025-05-19,0.4046564052773596
2025-05-20,0.4080870126720114
2025-05-21,0.4067114589694702
2025-05-22,0.4075948378347564
2025-05-23,0.4095636070173673
2025-05-27,0.41082011203144625
2025-05-28,0.41240274132377347
2025-05-29,0.41324528601266314
2025-05-30,0.41326666908510157
2025-06-02,0.41487137477216124
2025-06-03,0.4149381740901679
2025-06-04,0.4147924452070133
2025-06-05,0.4215076175439372
2025-06-06,0.41763438179194146
2025-06-09,0.41585777548142683
2025-06-10,0.4202935121669655
2025-06-11,0.42243032549817566
2025-06-12,0.42061267312026557
2025-06-13,0.42536810208173
2025-06-16,0.41369160765164537
2025-06-17,0.41085979930638267
2025-06-18,0.40636568178184174
2025-06-20,0.40561048720403386
2025-06-23,0.40525333819634735
2025-06-24,0.3916047622536164
2025-06-25,0.3858761051486701
2025-06-26,0.38585058441154196
2025-06-27,0.3860412418054773
2025-06-30,0.38776427192269625
2025-07-01,0.39386017084608704
2025-07-02,0.39377414628249
2025-07-03,0.39311703960881256
2025-07-07,0.39267525822040944
2025-07-08,0.39021442344644747
2025-07-09,0.35711588945054956
2025-07-10,0.3336730724154957
2025-07-11,0.3207035162227916
2025-07-14,0.20777401843159088
2025-07-15,0.16740096472657254
2025-07-16,0.15754755259338457
2025-07-17,0.15382317902147472
2025-07-18,0.15520499358854017
2025-07-21,0.16413797540916736
2025-07-22,0.16944673226580378
2025-07-23,0.16064684020326844
2025-07-24,0.1504831012668612
2025-07-25,0.15221848031701926
2025-07-28,0.12696855598259266
2025-07-29,0.1273961877448948
2025-07-30,0.12846082938017375
2025-07-31,0.13814730555055557
2025-08-01,0.13247346670718788
2025-08-04,0.12497657365306486
2025-08-05,0.13750226252750888
2025-08-06,0.1399715267161306
2025-08-07,0.14029869772177322
2025-08-08,0.13971064040712572
2025-08-11,0.14107836187950815
2025-08-12,0.14180510041518427
2025-08-13,0.15357144224751298
2025-08-14,0.1539195043878278
2025-08-15,0.15138488342577894
2025-08-18,0.1511676915038837
2025-08-19,0.15189551528597717
2025-08-20,0.155025184852679
2025-08-21,0.15644472959497735
2025-08-22,0.14427529813325268
2025-08-25,0.17279070565996188
2025-08-26,0.17888273510778072
2025-08-27,0.18265657338125513
2025-08-28,0.17656808655773013
2025-08-29,0.17910368653439018
2025-09-02,0.1791751883460264
2025-09-03,0.1681563523013379
2025-09-04,0.17049065829248602
2025-09-05,0.16785377075164165
2025-09-08,0.17061578114446777
2025-09-09,0.1801735215923598
2025-09-10,0.17942577158293058
2025-09-11,0.18166750947065535
2025-09-12,0.1814577846617844
2025-09-15,0.17783607648906857
2025-09-16,0.19184091553014815
2025-09-17,0.19678093372338346
2025-09-18,0.21178526751511342
2025-09-19,0.20863840406799858
2025-09-22,0.20864743625715487
2025-09-23,0.21230507653436673
2025-09-24,0.22488998203870136
2025-09-25,0.22649832398263162
2025-09-26,0.21695192535966126
2025-09-29,0.21612205485900743
2025-09-30,0.21169283018935503
2025-10-01,0.21274898739141931
2025-10-02,0.212790432499866
2025-10-03,0.2163882090533557
2025-10-06,0.20532879930626893
2025-10-07,0.20533530126896438
2025-10-08,0.20355816221007095
2025-10-09,0.20445899433401135
2025-10-10,0.22313534494873807
2025-10-13,0.2253962783990433
2025-10-14,0.24708356233727857
2025-10-15,0.24592933971885325
2025-10-16,0.24782444007143822
2025-10-17,0.24277652125109683
2025-10-20,0.23381227901014737
2025-10-21,0.2440775217712163
2025-10-22,0.24925195785781695
2025-10-23,0.24487609898062881
2025-10-24,0.2456511677660885
2025-10-27,0.24862427337283613
2025-10-28,0.23592180438711394
2025-10-29,0.23009032449890512
2025-10-30,0.22854669544978354
2025-10-31,0.24156099739410156
2025-11-03,0.24007588065349436
2025-11-04,0.23731858465825306
2025-11-05,0.2468718526328301
2025-11-06,0.2447689796861349
2025-11-07,0.24012458085485716
2025-11-10,0.23972743605769217
2025-11-11,0.2535527655337914
2025-11-12,0.2535974121105541
2025-11-13,0.24836410366409134
2025-11-14,0.2659957308013521
2025-11-17,0.26577522097965306
2025-11-18,0.2669983456305565
2025-11-19,0.26355478247935427
2025-11-20,0.2619677003383453
2025-11-21,0.24382892169454673
2025-11-24,0.23995754352185672
2025-11-25,0.25045923585171337
2025-11-26,0.24930653691233087
2025-11-28,0.2510478985532955
2025-12-01,0.249260555800985
2025-12-02,0.2589389618328535
2025-12-03,0.2588373210395793
2025-12-04,0.2613527276118973
2025-12-05,0.2632390437511556
2025-12-08,0.25769702307155845
2025-12-09,0.26404941725574327
2025-12-10,0.2599393355428563
2025-12-11,0.26933588496854405
2025-12-12,0.2687259243609275
2025-12-15,0.27306376812458977
2025-12-16,0.27300945157716044
2025-12-17,0.26755895906742744
2025-12-18,0.2616991790988062
2025-12-19,0.26157379462837355
2025-12-22,0.26029199600411845
2025-12-23,0.26370389550270695
2025-12-24,0.2655560216878099
2025-12-26,0.26843605840958
2025-12-29,0.2652852981401776
2025-12-30,0.26400810786388806
2025-12-31,0.2636723481382311
2026-01-02,0.2745298358054348
2026-01-05,0.2713881615172228
2026-01-06,0.2873985245783249
2026-01-07,0.2870545280782117
2026-01-08,0.2893032218300716
2026-01-09,0.2855332930399386
2026-01-12,0.2855255547545969
2026-01-13,0.29873255808640115
2026-01-14,0.2794281961056401
2026-01-15,0.27919218216057207
2026-01-16,0.2784191518441471
2026-01-20,0.2874927895417457
2026-01-21,0.2816876093939031
2026-01-22,0.2863316199259282
2026-01-23,0.2878679068848599
2026-01-26,0.2977947740099953
2026-01-27,0.30323457586909025
2026-01-28,0.3041951338650702
2026-01-29,0.3089314558185398
2026-01-30,0.308053705944737
2026-02-02,0.32576526948688156
2026-02-03,0.3214070155034385
2026-02-04,0.31594098905150986
2026-02-05,0.31798251523698834
2026-02-06,0.30497542939471795
2026-02-09,0.3199529903238533
2026-02-10,0.3320885181548676
2026-02-11,0.32685014174194127
2026-02-12,0.3197054731260622
2026-02-13,0.3067540863876408
2026-02-17,0.3111134085339444
2026-02-18,0.29522880153447095
2026-02-19,0.29510349684016135
2026-02-20,0.2937748151821754
2026-02-23,0.29757415995468944
2026-02-24,0.292338145047529
2026-02-25,0.28820272357079807
2026-02-26,0.2891537723355335
2026-02-27,0.2818955844324139
2026-03-02,0.28092436369883195
2026-03-03,0.2651790726457247
2026-03-04,0.27025290955355274
2026-03-05,0.2656716554573549
2026-03-06,0.26503375580224114
2026-03-09,0.24692263989822885
2026-03-10,0.244507637653598
2026-03-11,0.24325091644210228
2026-03-12,0.2377185881535306
2026-03-13,0.2353747314544329
2026-03-16,0.23572525790427482
2026-03-17,0.2364382917461939
2026-03-18,0.23116412706889555
2026-03-19,0.24318321031610446
2026-03-20,0.24153732514483844
2026-03-23,0.2793472027940621
2026-03-24,0.2671242228622747
2026-03-25,0.26826656140474847
2026-03-26,0.27325872501882514
2026-03-27,0.2891850093185265
2026-03-30,0.28231081444236444
2026-03-31,0.2817620148793731
2026-04-01,0.2878296761498668
2026-04-02,0.2862511691041691
2026-04-06,0.28303246087566736
2026-04-07,0.2839481700574514
2026-04-08,0.2777051853866989
2026-04-09,0.26983585720370185
2026-04-10,0.2696379204508361
2026-04-13,0.270276356089902
2026-04-14,0.2718721642059603
2026-04-15,0.2743778933284191
2026-04-16,0.2732505722496226
2026-04-17,0.2742220049305662
2026-04-20,0.27274444181932084
2026-04-21,0.27231906600698913
2026-04-22,0.2768879532914643
2026-04-23,0.2740809079227646
2026-04-24,0.27426483417456976
2026-04-27,0.2721981289722321
2026-04-28,0.271458776222664
2026-04-29,0.27216702382226493
2026-04-30,0.2727859205250071
2026-05-01,0.273363661196782
2026-05-04,0.27147189998057447
2026-05-05,0.26850471670096976
2026-05-06,0.27440656135163677
2026-05-07,0.277053147153921
2026-05-08,0.28678973322489265
2026-05-11,0.28401307868887393
2026-05-12,0.2813288174999753
2026-05-13,0.28378936649697606
2026-05-14,0.28444652029866063
2026-05-15,0.2929976938614331
2026-05-18,0.3069430980969754
2026-05-19,0.30693552886517783
2026-05-20,0.3071272512754839
2026-05-21,0.3076693878292369
2026-05-22,0.30817735055172174
2026-05-26,0.31445203530424237
2026-05-27,0.3152181025859995
2026-05-28,0.31726911144456293
2026-05-29,0.32094902540353654
2026-06-01,0.32353602183769287
2026-06-02,0.32714779590049403
2026-06-03,0.32674662169342195
2026-06-04,0.3280907035547989
2026-06-05,0.3273603102529402
2026-06-08,0.35868759315533716
2026-06-09,0.3590205441850894
