Date,diversification_ratio
2015-04-07,1.8093912504487346
2015-04-08,1.7948834994850411
2015-04-09,1.7827310448182723
2015-04-10,1.7941628497736697
2015-04-13,1.7781374776799512
2015-04-14,1.7649833541067537
2015-04-15,1.760033086014011
2015-04-16,1.7518657617218634
2015-04-17,1.7449031853569794
2015-04-20,1.724122936696347
2015-04-21,1.7306414579573193
2015-04-22,1.7277540526805504
2015-04-23,1.7290340039717516
2015-04-24,1.7235441245163208
2015-04-27,1.7139522541504983
2015-04-28,1.7177128100938934
2015-04-29,1.7040339144057737
2015-04-30,1.678851436684984
2015-05-01,1.646817667511935
2015-05-04,1.6105662774524943
2015-05-05,1.6161548939527495
2015-05-06,1.5905655661181644
2015-05-07,1.5807550883472439
2015-05-08,1.5857003103760439
2015-05-11,1.5792116559228728
2015-05-12,1.5588124931379497
2015-05-13,1.5472952886849973
2015-05-14,1.5529442958220916
2015-05-15,1.547947666879505
2015-05-18,1.5448653212558394
2015-05-19,1.544926345913744
2015-05-20,1.5373094493058455
2015-05-21,1.5373945557237019
2015-05-22,1.5317438598636488
2015-05-26,1.52560482729379
2015-05-27,1.5408855386128357
2015-05-28,1.5420424556447891
2015-05-29,1.5409442825425372
2015-06-01,1.5438793377076154
2015-06-02,1.533691781409467
2015-06-03,1.5409730931257586
2015-06-04,1.5440766763912164
2015-06-05,1.5523426411102939
2015-06-08,1.6115779843023725
2015-06-09,1.6114884932609985
2015-06-10,1.6091207486703636
2015-06-11,1.606417409294775
2015-06-12,1.6126000466169057
2015-06-15,1.6164143948656857
2015-06-16,1.6263890386571969
2015-06-17,1.619315045827991
2015-06-18,1.7260023937469278
2015-06-19,1.727270453137243
2015-06-22,1.7885113768740435
2015-06-23,1.8156895491210236
2015-06-24,1.8130067294808294
2015-06-25,1.8367715139030314
2015-06-26,1.8274907405411123
2015-06-29,1.8080553150700713
2015-06-30,1.8584551749691844
2015-07-01,1.872339344784214
2015-07-02,1.8979937791556456
2015-07-06,1.8904033146643686
2015-07-07,1.952657517717187
2015-07-08,1.9621171010324083
2015-07-09,1.9329458726415938
2015-07-10,1.945950573206719
2015-07-13,1.961022617691696
2015-07-14,1.9620376945360387
2015-07-15,1.9589718228474882
2015-07-16,1.983295298101799
2015-07-17,1.9643179205961558
2015-07-20,1.9611024850135206
2015-07-21,1.9548461834871464
2015-07-22,1.9545936770400083
2015-07-23,1.9441885569173898
2015-07-24,1.966085032784165
2015-07-27,1.9651738113776864
2015-07-28,1.9495754949463728
2015-07-29,1.9280898854816102
2015-07-30,1.9317631562289876
2015-07-31,1.9491448250900956
2015-08-03,1.9426493197040513
2015-08-04,1.9419316684216588
2015-08-05,1.9492804750699908
2015-08-06,1.9642206151034862
2015-08-07,1.9661685657774213
2015-08-10,2.0421325854781363
2015-08-11,2.0758922549215866
2015-08-12,2.08614833940238
2015-08-13,2.0833360832459635
2015-08-14,2.136959534064236
2015-08-17,2.1608329062193468
2015-08-18,2.1480880458682963
2015-08-19,2.1529093844588587
2015-08-20,2.1769517813195476
2015-08-21,2.2101201574556306
2015-08-24,2.069389001925762
2015-08-25,1.8135323152152758
2015-08-26,1.834517520244127
2015-08-27,1.8430636859912208
2015-08-28,1.7610157374406505
2015-08-31,1.7630211705018202
2015-09-01,1.7663201302940654
2015-09-02,1.7191297292449272
2015-09-03,1.7085493842145472
2015-09-04,1.7091301823712324
2015-09-08,1.7047956600845124
2015-09-09,1.6939276320676293
2015-09-10,1.69232403658867
2015-09-11,1.6911125936275717
2015-09-14,1.6917145939829568
2015-09-15,1.6900995163133559
2015-09-16,1.7066098647390042
2015-09-17,1.6957310416569187
2015-09-18,1.7030573589954787
2015-09-21,1.706917234112873
2015-09-22,1.6983233135932778
2015-09-23,1.6958605152861845
2015-09-24,1.6947315722295575
2015-09-25,1.7007737497052287
2015-09-28,1.7027823919866478
2015-09-29,1.6715246809671103
2015-09-30,1.6673499537901604
2015-10-01,1.6488236440041348
2015-10-02,1.6488047206150498
2015-10-05,1.6035388218429654
2015-10-06,1.599847197399366
2015-10-07,1.604934324447784
2015-10-08,1.5914555178341374
2015-10-09,1.5851594028450362
2015-10-12,1.5832746005276883
2015-10-13,1.5867433925642411
2015-10-14,1.5818672928201791
2015-10-15,1.5871428318383316
2015-10-16,1.583897077531712
2015-10-19,1.5790835394738687
2015-10-20,1.5796328042510035
2015-10-21,1.5795842358564285
2015-10-22,1.5785966437984484
2015-10-23,1.5692422500166165
2015-10-26,1.5765836399864452
2015-10-27,1.5774940686644383
2015-10-28,1.5782965404492144
2015-10-29,1.5823417194080363
2015-10-30,1.5785665805727953
2015-11-02,1.5765428304233549
2015-11-03,1.5773205052916188
2015-11-04,1.5814039169853509
2015-11-05,1.5771917163708973
2015-11-06,1.5729433267510669
2015-11-09,1.5695281712020979
2015-11-10,1.5517392073018716
2015-11-11,1.5487716931591213
2015-11-12,1.549579111502891
2015-11-13,1.5477386975470468
2015-11-16,1.5473537011218994
2015-11-17,1.539821371691745
2015-11-18,1.5321216997360971
2015-11-19,1.5142201801572555
2015-11-20,1.5319600263350763
2015-11-23,1.6161970085612984
2015-11-24,1.6114056999058315
2015-11-25,1.5794021478889824
2015-11-27,1.6233202588640714
2015-11-30,1.6181584502696618
2015-12-01,1.6090269898679408
2015-12-02,1.6334142281863557
2015-12-03,1.6154787924957283
2015-12-04,1.6119688281914295
2015-12-07,1.5921962734737454
2015-12-08,1.5920439456336302
2015-12-09,1.5956920738097842
2015-12-10,1.5931683748986638
2015-12-11,1.5940821440331518
2015-12-14,1.6057726476650396
2015-12-15,1.5989430077920108
2015-12-16,1.6091129551079126
2015-12-17,1.5976931839749398
2015-12-18,1.5798516266127467
2015-12-21,1.584895030761759
2015-12-22,1.576323953490808
2015-12-23,1.5804217624425678
2015-12-24,1.5721514445112352
2015-12-28,1.5710549652550525
2015-12-29,1.5764850535614294
2015-12-30,1.5889173467459805
2015-12-31,1.5891371429348324
2016-01-04,1.5918298139453175
2016-01-05,1.647439805135948
2016-01-06,1.6477150096183713
2016-01-07,1.661330757531301
2016-01-08,1.6554358711853594
2016-01-11,1.6456080717438502
2016-01-12,1.6548052296306155
2016-01-13,1.645386988964818
2016-01-14,1.6558674323735159
2016-01-15,1.6630774706539175
2016-01-19,1.6715850815218762
2016-01-20,1.6751304585533102
2016-01-21,1.6863485779363243
2016-01-22,1.686021405188249
2016-01-25,1.6420565470779938
2016-01-26,1.6649906920398456
2016-01-27,1.6320431308339975
2016-01-28,1.6367339603412334
2016-01-29,1.6350878775040723
2016-02-01,1.5900991835505394
2016-02-02,1.5936721580915787
2016-02-03,1.600945373466307
2016-02-04,1.6034574248710396
2016-02-05,1.5942648570898121
2016-02-08,1.5940375976886243
2016-02-09,1.6136609721642277
2016-02-10,1.612391979398848
2016-02-11,1.6194548691270947
2016-02-12,1.6405081578143146
2016-02-16,1.652599871719499
2016-02-17,1.684573686925052
2016-02-18,1.6734155773407418
2016-02-19,1.6917807336075585
2016-02-22,1.6902982470127978
2016-02-23,1.6991755725406292
2016-02-24,1.6977070806729464
2016-02-25,1.695897401775967
2016-02-26,1.6862498232279417
2016-02-29,1.6883000799579369
2016-03-01,1.6930297543903796
2016-03-02,1.699976448475546
2016-03-03,1.6982673292406758
2016-03-04,1.7081045452361576
2016-03-07,1.722122432598116
2016-03-08,1.7261087771072838
2016-03-09,1.7491252187565682
2016-03-10,1.7534317823753338
2016-03-11,1.7594499509609698
2016-03-14,1.769541362140509
2016-03-15,1.7691996069202056
2016-03-16,1.7683807721431641
2016-03-17,1.7408919742785205
2016-03-18,1.7343743863006624
2016-03-21,1.741268740089073
2016-03-22,1.7517680960148057
2016-03-23,1.7456299449242088
2016-03-24,1.7479438619966128
2016-03-28,1.7429404180468808
2016-03-29,1.7441857885594103
2016-03-30,1.727620808364781
2016-03-31,1.7349041547583235
2016-04-01,1.724006157910672
2016-04-04,1.738505758968213
2016-04-05,1.7371084589202397
2016-04-06,1.7456152828578497
2016-04-07,1.7459354573637902
2016-04-08,1.7453558155979532
2016-04-11,1.7706550071429747
2016-04-12,1.784044522228472
2016-04-13,1.7840696016710214
2016-04-14,1.779471568532058
2016-04-15,1.785260367968121
2016-04-18,1.7743014477821275
2016-04-19,1.8025960818052118
2016-04-20,1.803133997812308
2016-04-21,1.802173775757656
2016-04-22,1.791499416872426
2016-04-25,1.8261815933815808
2016-04-26,1.8366073053525287
2016-04-27,1.868449854717991
2016-04-28,1.8742416970797813
2016-04-29,1.8807268382041282
2016-05-02,1.948841877246033
2016-05-03,1.9591192029166349
2016-05-04,1.9704866020740006
2016-05-05,1.9607623165657633
2016-05-06,1.9612986835893667
2016-05-09,1.99757827580972
2016-05-10,1.9611219462989289
2016-05-11,1.9410777664412102
2016-05-12,1.948982980404652
2016-05-13,1.9048308735047361
2016-05-16,1.8944597259060578
2016-05-17,1.8517079356243384
2016-05-18,1.8808821734489887
2016-05-19,1.8474937405091512
2016-05-20,1.845466455531435
2016-05-23,1.845860352634672
2016-05-24,1.8546682427692607
2016-05-25,1.8620758836834705
2016-05-26,1.8757382008100103
2016-05-27,1.8892054670617229
2016-05-31,1.8758228370834205
2016-06-01,1.8615644553627546
2016-06-02,1.8637391242722858
2016-06-03,1.8710527934351338
2016-06-06,1.8660442059924063
2016-06-07,1.864122691849431
2016-06-08,1.8713971602099517
2016-06-09,1.8499274214111894
2016-06-10,1.8483643991619294
2016-06-13,1.8079198452554965
2016-06-14,1.8066121025257487
2016-06-15,1.8073424953395405
2016-06-16,1.8592773826903561
2016-06-17,1.8838531853289504
2016-06-20,1.9026274525012312
2016-06-21,1.9119625767612405
2016-06-22,1.9213305836528658
2016-06-23,1.9407447374544096
2016-06-24,1.9478909183231743
2016-06-27,1.9724945320550813
2016-06-28,2.049153533578757
2016-06-29,1.9762090654121283
2016-06-30,1.9403417697284224
2016-07-01,1.907349730544017
2016-07-05,1.902007012891232
2016-07-06,1.9037539488762094
2016-07-07,1.9016114376034101
2016-07-08,1.8935624499314818
2016-07-11,1.8444177709564145
2016-07-12,1.8482618430345683
2016-07-13,1.8743413527539914
2016-07-14,1.8887094156698376
2016-07-15,1.9024961972880194
2016-07-18,1.8940265722247174
2016-07-19,1.8934238349990475
2016-07-20,1.8951795266332037
2016-07-21,1.8983873553643014
2016-07-22,1.9098148366196226
2016-07-25,1.9150355301340125
2016-07-26,1.9123703100574319
2016-07-27,1.9094934656410085
2016-07-28,1.9079399966450754
2016-07-29,1.8976945157472576
2016-08-01,1.883590393996546
2016-08-02,1.8689775752706257
2016-08-03,1.862827287512893
2016-08-04,1.8714768475875376
2016-08-05,1.8674850405543757
2016-08-08,1.8821851092021267
2016-08-09,1.8828838056675175
2016-08-10,1.905696301129396
2016-08-11,1.8966335902343223
2016-08-12,1.9093817927731882
2016-08-15,1.910019228983024
2016-08-16,1.914032906426199
2016-08-17,1.9156320079589857
2016-08-18,1.930491430275917
2016-08-19,1.9332083762972951
2016-08-22,1.923980006961065
2016-08-23,1.9310681160147254
2016-08-24,1.9220898809666416
2016-08-25,1.908699930924266
2016-08-26,1.9069221214020358
2016-08-29,1.899303274860736
2016-08-30,1.8943606730821834
2016-08-31,1.887166391351265
2016-09-01,1.8834124869870408
2016-09-02,1.8856354071365597
2016-09-06,1.8830110970362315
2016-09-07,1.8639105287646693
2016-09-08,1.873441444318416
2016-09-09,1.871638898680419
2016-09-12,1.752330619909872
2016-09-13,1.7461112404830585
2016-09-14,1.698011676330851
2016-09-15,1.6972434671312508
2016-09-16,1.691484602805596
2016-09-19,1.681378396993437
2016-09-20,1.6761126046558488
2016-09-21,1.6696125125951224
2016-09-22,1.63597758741099
2016-09-23,1.6216631360963325
2016-09-26,1.4895964403769
2016-09-27,1.4470886890607253
2016-09-28,1.462038619347353
2016-09-29,1.4695060716313781
2016-09-30,1.480607428591954
2016-10-03,1.4915565906940307
2016-10-04,1.4678741172638095
2016-10-05,1.4627878973754889
2016-10-06,1.4616320427805864
2016-10-07,1.4934521450414011
2016-10-10,1.4845138865113965
2016-10-11,1.4574384645643443
2016-10-12,1.43248279881063
2016-10-13,1.419273322593468
2016-10-14,1.423202010967147
2016-10-17,1.4269988132614329
2016-10-18,1.4260062971021235
2016-10-19,1.4060052374730334
2016-10-20,1.3956935659746996
2016-10-21,1.3937144488034099
2016-10-24,1.3948176977906839
2016-10-25,1.3973565856849561
2016-10-26,1.3938686003223322
2016-10-27,1.3873767678831503
2016-10-28,1.3930692519487982
2016-10-31,1.3903044291778228
2016-11-01,1.3960498195900277
2016-11-02,1.4004740132478772
2016-11-03,1.4105940739890217
2016-11-04,1.3877259337915622
2016-11-07,1.3946836021415314
2016-11-08,1.424864754681446
2016-11-09,1.4222820964456375
2016-11-10,1.4819396966602785
2016-11-11,1.483667742069759
2016-11-14,1.478976664214562
2016-11-15,1.4790278429023296
2016-11-16,1.4592803725594643
2016-11-17,1.4697563974045722
2016-11-18,1.4805614194292847
2016-11-21,1.4753406815506425
2016-11-22,1.465603632218027
2016-11-23,1.4670219728270366
2016-11-25,1.4677693029956618
2016-11-28,1.470073206753544
2016-11-29,1.4795079874792698
2016-11-30,1.4856903123370881
2016-12-01,1.5040623121845935
2016-12-02,1.5054474939456601
2016-12-05,1.5026322014612938
2016-12-06,1.5139555199154835
2016-12-07,1.5124116419391154
2016-12-08,1.4913667266678017
2016-12-09,1.5707174441732392
2016-12-12,1.5872139697707448
2016-12-13,1.6384015644644432
2016-12-14,1.6280142832272797
2016-12-15,1.5954027781644569
2016-12-16,1.598549079161498
2016-12-19,1.5985846178660463
2016-12-20,1.6019900648417111
2016-12-21,1.6603559771141045
2016-12-22,1.683006058757688
2016-12-23,1.6869949726171392
2016-12-27,1.6738681476920225
2016-12-28,1.6716221820903872
2016-12-29,1.6899768117289304
2016-12-30,1.6840486735382292
2017-01-03,1.685526923774924
2017-01-04,1.6743691082618384
2017-01-05,1.6728893747718503
2017-01-06,1.6596868318652942
2017-01-09,1.6634700926515593
2017-01-10,1.6707407987764356
2017-01-11,1.6738909552439478
2017-01-12,1.6955697332724071
2017-01-13,1.6976222250254083
2017-01-17,1.6943866272101133
2017-01-18,1.7048576582827533
2017-01-19,1.6956038171720107
2017-01-20,1.7078589536259303
2017-01-23,1.708348299730408
2017-01-24,1.7103720306834056
2017-01-25,1.7150029205187143
2017-01-26,1.728487550060448
2017-01-27,1.7276796113820871
2017-01-30,1.7449990223273304
2017-01-31,1.7450503156230024
2017-02-01,1.7451255937334242
2017-02-02,1.7404506217440356
2017-02-03,1.7317762648629722
2017-02-06,1.7206758202349692
2017-02-07,1.7356894073443279
2017-02-08,1.7304724803710547
2017-02-09,1.703944618412044
2017-02-10,1.709676416357362
2017-02-13,1.6501636257292307
2017-02-14,1.6810495023301282
2017-02-15,1.7263992582875092
2017-02-16,1.7403124690313114
2017-02-17,1.797805768442123
2017-02-21,1.7894289930371803
2017-02-22,1.7725854587874161
2017-02-23,1.7850933352190899
2017-02-24,1.8188092049760545
2017-02-27,1.8291809327185684
2017-02-28,1.8451514156908246
2017-03-01,1.840349584294445
2017-03-02,1.870748302183732
2017-03-03,1.7897714861354068
2017-03-06,1.7537795418206374
2017-03-07,1.7448825629038647
2017-03-08,1.733972366786837
2017-03-09,1.7077227594645645
2017-03-10,1.7004934233686089
2017-03-13,1.7528723130571142
2017-03-14,1.7518293146875843
2017-03-15,1.7294671112625526
2017-03-16,1.6200001463383153
2017-03-17,1.6262147067161639
2017-03-20,1.7301333290626784
2017-03-21,1.71188356731361
2017-03-22,1.7296727100989213
2017-03-23,1.7220433226283836
2017-03-24,1.713719629015857
2017-03-27,1.7110302329179023
2017-03-28,1.7196319092280954
2017-03-29,1.7325946246473718
2017-03-30,1.7250005412221532
2017-03-31,1.7143951194228004
2017-04-03,1.7153028919756979
2017-04-04,1.7200617396892555
2017-04-05,1.7313967279909972
2017-04-06,1.756947030329065
2017-04-07,1.7898071145796437
2017-04-10,1.7787334281745317
2017-04-11,1.7653720072738694
2017-04-12,1.7693602109056603
2017-04-13,1.787561001461395
2017-04-17,1.7878965142539671
2017-04-18,1.7936293536446433
2017-04-19,1.7971672706625474
2017-04-20,1.7870491492033507
2017-04-21,1.8116432080263158
2017-04-24,1.811815848759902
2017-04-25,1.8252088993717561
2017-04-26,1.8398636299837439
2017-04-27,1.808670866653409
2017-04-28,1.8056135459152247
2017-05-01,1.8020707119132227
2017-05-02,1.8352821562716006
2017-05-03,1.839142125764281
2017-05-04,1.8211169855061662
2017-05-05,1.8214736245752654
2017-05-08,1.8154177935339908
2017-05-09,1.795032437096571
2017-05-10,1.7923986994025605
2017-05-11,1.8046085035349986
2017-05-12,1.7886085782000525
2017-05-15,1.7930784976707823
2017-05-16,1.7784705946504418
2017-05-17,1.7699696639297922
2017-05-18,1.8561540502078406
2017-05-19,1.8686262390142596
2017-05-22,1.829103495889862
2017-05-23,1.8312412327141112
2017-05-24,1.8324989081438163
2017-05-25,1.8259853876425993
2017-05-26,1.8314156656572311
2017-05-30,1.8343400965914396
2017-05-31,1.8350594603269836
2017-06-01,1.7893805666751847
2017-06-02,1.858028469307317
2017-06-05,1.828483139713073
2017-06-06,1.835366122040545
2017-06-07,1.8631683126531626
2017-06-08,1.903888360748861
2017-06-09,1.9120318303931705
2017-06-12,1.898394803196935
2017-06-13,1.8843628538491994
2017-06-14,1.8862112146934307
2017-06-15,2.1160677096053915
2017-06-16,2.084015483242896
2017-06-19,2.085935932213478
2017-06-20,2.097395212542655
2017-06-21,2.0817026333288817
2017-06-22,2.099387877876461
2017-06-23,2.102538888722962
2017-06-26,2.1001671455043907
2017-06-27,2.10308387802004
2017-06-28,2.0487176206813564
2017-06-29,2.0330300687335634
2017-06-30,1.9250713500181647
2017-07-03,1.9296684055382807
2017-07-05,1.9266346402095413
2017-07-06,1.9314576900917335
2017-07-07,1.8896881860968542
2017-07-10,1.9072816900176393
2017-07-11,1.9011477052491514
2017-07-12,1.8981245346820523
2017-07-13,1.8449658992016569
2017-07-14,1.8395988460048969
2017-07-17,1.8081336075202616
2017-07-18,1.8085170952837581
2017-07-19,1.7795507506836856
2017-07-20,1.7923988466277239
2017-07-21,1.7894115013799037
2017-07-24,1.7992555461492916
2017-07-25,1.7913972234598043
2017-07-26,1.7802857265695726
2017-07-27,1.7685894900181818
2017-07-28,1.762294933316675
2017-07-31,1.7627384837987523
2017-08-01,1.7519593314722064
2017-08-02,1.7514752774540747
2017-08-03,1.7576593129736997
2017-08-04,1.765481950206103
2017-08-07,1.780690137854939
2017-08-08,1.7843077072868736
2017-08-09,1.781595714273437
2017-08-10,1.7907996516722773
2017-08-11,1.7806864538393377
2017-08-14,1.7797021745964274
2017-08-15,1.8031966324038973
2017-08-16,1.8023179077950917
2017-08-17,1.724569179530004
2017-08-18,1.7202002610345126
2017-08-21,1.7545950484833148
2017-08-22,1.759196907336716
2017-08-23,1.7568135476299096
2017-08-24,1.7686704484019555
2017-08-25,1.746570490618367
2017-08-28,1.7418479777831404
2017-08-29,1.7494575817839255
2017-08-30,1.748684227598909
2017-08-31,1.7533044878882182
2017-09-01,1.7456867281410995
2017-09-05,1.7547765376500248
2017-09-06,1.7887278495996184
2017-09-07,1.7932824238896825
2017-09-08,1.7835848096015654
2017-09-11,1.7860526867494415
2017-09-12,1.8322558920686949
2017-09-13,1.8422702555717552
2017-09-14,1.8158142752568491
2017-09-15,1.831882715612907
2017-09-18,1.829422450318883
2017-09-19,1.8152050950256926
2017-09-20,1.8152322461067687
2017-09-21,1.8074765741911603
2017-09-22,1.7993366560837736
2017-09-25,1.8037618194906526
2017-09-26,1.8216252281961667
2017-09-27,1.8432908646965076
2017-09-28,1.8754967146749772
2017-09-29,1.9712268925828444
2017-10-02,1.966514161047733
2017-10-03,1.9706378746041362
2017-10-04,1.9560129969693936
2017-10-05,2.0218211579781173
2017-10-06,2.003915961759391
2017-10-09,2.0080246612407744
2017-10-10,2.0134767809284297
2017-10-11,2.0695652523883283
2017-10-12,2.05901764261229
2017-10-13,2.108228134111319
2017-10-16,2.072361055310843
2017-10-17,2.0941384894076633
2017-10-18,2.111449027423076
2017-10-19,2.1099662825381618
2017-10-20,2.1025286328834514
2017-10-23,2.1133875223054726
2017-10-24,2.0926026773924615
2017-10-25,2.117416896017745
2017-10-26,2.1011907537526495
2017-10-27,2.0961124756736305
2017-10-30,1.980442668070015
2017-10-31,1.9865952421653827
2017-11-01,1.9875497903064618
2017-11-02,1.9719983964172367
2017-11-03,1.9686066277407597
2017-11-06,1.9802498254063514
2017-11-07,1.9642006443108362
2017-11-08,1.9521405463005304
2017-11-09,1.9859742082335288
2017-11-10,1.9736098104652213
2017-11-13,1.9224004178346645
2017-11-14,1.933199538363673
2017-11-15,1.945060779909291
2017-11-16,1.9668440213763025
2017-11-17,1.968525572159114
2017-11-20,1.97837933519693
2017-11-21,1.9833069608350025
2017-11-22,1.9315874636296395
2017-11-24,1.9428192877667612
2017-11-27,1.952716544902813
2017-11-28,1.9331612821040323
2017-11-29,1.930369799547397
2017-11-30,1.849610922168692
2017-12-01,1.9301898410667249
2017-12-04,1.9453939163164042
2017-12-05,1.8706196010666558
2017-12-06,1.8669402228677106
2017-12-07,1.8958042759468046
2017-12-08,1.9213110271907847
2017-12-11,1.8519360454348026
2017-12-12,1.8482149385975397
2017-12-13,1.8500994893294962
2017-12-14,1.8398055950306438
2017-12-15,1.8419011971341541
2017-12-18,1.827823499966573
2017-12-19,1.8389548713757715
2017-12-20,1.814172426292187
2017-12-21,1.8257191630386438
2017-12-22,1.8201507340394567
2017-12-26,1.7872861300515586
2017-12-27,1.8014497622872
2017-12-28,1.7857864968993966
2017-12-29,1.7848458654754689
2018-01-02,1.789402781874335
2018-01-03,1.7957223529408914
2018-01-04,1.7782841361613893
2018-01-05,1.7775635978070605
2018-01-08,1.7749569730908297
2018-01-09,1.7738304124321942
2018-01-10,1.7699181151795607
2018-01-11,1.7742307572809086
2018-01-12,1.7618730591703835
2018-01-16,1.7357315284415917
2018-01-17,1.751219555374508
2018-01-18,1.7612722587685556
2018-01-19,1.7490499920508824
2018-01-22,1.7567984156894498
2018-01-23,1.7413079691098214
2018-01-24,1.723323444198499
2018-01-25,1.745793594802885
2018-01-26,1.7542675791129116
2018-01-29,1.7652464772846501
2018-01-30,1.710132612243651
2018-01-31,1.693003656312442
2018-02-01,1.6803047360073142
2018-02-02,1.6768151404878613
2018-02-05,1.509337209561551
2018-02-06,1.4989965908565333
2018-02-07,1.5058721018041066
2018-02-08,1.4842972639778171
2018-02-09,1.428278013107793
2018-02-12,1.4378187705270629
2018-02-13,1.4214996527144033
2018-02-14,1.4195755477902885
2018-02-15,1.42432686050758
2018-02-16,1.4116499237885523
2018-02-20,1.408788028922419
2018-02-21,1.4009367073107064
2018-02-22,1.3911735630168451
2018-02-23,1.3878031404516173
2018-02-26,1.379759911123079
2018-02-27,1.372631766950275
2018-02-28,1.3597883003297997
2018-03-01,1.3617011477376861
2018-03-02,1.3681333976526053
2018-03-05,1.374367668098637
2018-03-06,1.3704509745243898
2018-03-07,1.362285101099938
2018-03-08,1.3629349554172308
2018-03-09,1.3619923263372955
2018-03-12,1.3563863653129082
2018-03-13,1.3533233284228543
2018-03-14,1.3565019248701213
2018-03-15,1.3595466650206902
2018-03-16,1.3591232767494013
2018-03-19,1.356917643343518
2018-03-20,1.3501588555377393
2018-03-21,1.3536649646338408
2018-03-22,1.3576716365189638
2018-03-23,1.3570983224238726
2018-03-26,1.361284773803609
2018-03-27,1.352148960175458
2018-03-28,1.3603859944033694
2018-03-29,1.3614962240703297
2018-04-02,1.3507944223811827
2018-04-03,1.3529813768215315
2018-04-04,1.3571784538206748
2018-04-05,1.3523852008045631
2018-04-06,1.3569921979928674
2018-04-09,1.3668266252917514
2018-04-10,1.3649327083628509
2018-04-11,1.359935137821749
2018-04-12,1.3564734017168227
2018-04-13,1.3625906427615506
2018-04-16,1.3662424144742862
2018-04-17,1.3686519655590252
2018-04-18,1.3655276736624287
2018-04-19,1.3698655702444866
2018-04-20,1.367192510257948
2018-04-23,1.3614421815939721
2018-04-24,1.3661653657967243
2018-04-25,1.3663851196831192
2018-04-26,1.362556938564519
2018-04-27,1.3545743127764078
2018-04-30,1.3566322311601604
2018-05-01,1.3597742601390652
2018-05-02,1.3666040803141892
2018-05-03,1.367632455555036
2018-05-04,1.36152562588418
2018-05-07,1.381562374510816
2018-05-08,1.38450266820618
2018-05-09,1.376237760855906
2018-05-10,1.3862972118416135
2018-05-11,1.4219979189838003
2018-05-14,1.4130509700874034
2018-05-15,1.4271467451010487
2018-05-16,1.4147891234674168
2018-05-17,1.4079316873049958
2018-05-18,1.4184752977722204
2018-05-21,1.4196992829446422
2018-05-22,1.4186037359875516
2018-05-23,1.4202105936573655
2018-05-24,1.4261003149399654
2018-05-25,1.4496570421673545
2018-05-29,1.467086737618156
2018-05-30,1.5252758276345013
2018-05-31,1.52811815486001
2018-06-01,1.5216049074567775
2018-06-04,1.5246061881174031
2018-06-05,1.5307751616489431
2018-06-06,1.5319652934089054
2018-06-07,1.5365917586864273
2018-06-08,1.5432561795525466
2018-06-11,1.550348406463419
2018-06-12,1.5499151191370721
2018-06-13,1.5507512318378902
2018-06-14,1.5480053709437005
2018-06-15,1.5503370331512074
2018-06-18,1.5559107925083142
2018-06-19,1.5721849204653309
2018-06-20,1.5710095580299683
2018-06-21,1.5668273326633182
2018-06-22,1.5893936632548997
2018-06-25,1.5919258999014774
2018-06-26,1.6128165780766734
2018-06-27,1.611691124460737
2018-06-28,1.617143429921429
2018-06-29,1.6464359408532083
2018-07-02,1.6665307479248157
2018-07-03,1.660706465409307
2018-07-05,1.6730666723218972
2018-07-06,1.655239677508715
2018-07-09,1.6305642511626066
2018-07-10,1.6389039876722147
2018-07-11,1.67108855058303
2018-07-12,1.643981284841454
2018-07-13,1.612902566649208
2018-07-16,1.6092673261016017
2018-07-17,1.6076541819505128
2018-07-18,1.623530293695256
2018-07-19,1.6120667433379003
2018-07-20,1.6272491630496144
2018-07-23,1.673060689733152
2018-07-24,1.6753874818655226
2018-07-25,1.6833892444112664
2018-07-26,1.6657923908702843
2018-07-27,1.6793101910788957
2018-07-30,1.684777922650119
2018-07-31,1.6885549339024304
2018-08-01,1.6822895602926973
2018-08-02,1.6727285328404065
2018-08-03,1.6769719623349106
2018-08-06,1.6922634727401953
2018-08-07,1.692996163756495
2018-08-08,1.6950608351028447
2018-08-09,1.6936390658340068
2018-08-10,1.7431726651574484
2018-08-13,1.7503782364978424
2018-08-14,1.7359148150960435
2018-08-15,1.7925971560953713
2018-08-16,1.7499659340061455
2018-08-17,1.7396993774968466
2018-08-20,1.7269758667538828
2018-08-21,1.7345036907526612
2018-08-22,1.7344829714236811
2018-08-23,1.7261861119279553
2018-08-24,1.7131758736520901
2018-08-27,1.6826551783414612
2018-08-28,1.6200280689430335
2018-08-29,1.6147924225622285
2018-08-30,1.6131790827403278
2018-08-31,1.5956134311273995
2018-09-04,1.5863906850262461
2018-09-05,1.5700506001891996
2018-09-06,1.5555808521618402
2018-09-07,1.5480116103754096
2018-09-10,1.5435770979959806
2018-09-11,1.54362520795383
2018-09-12,1.550595023968819
2018-09-13,1.5469520053071444
2018-09-14,1.545716301758839
2018-09-17,1.5458071025590396
2018-09-18,1.5486078478543974
2018-09-19,1.5589719294599207
2018-09-20,1.5573722024735264
2018-09-21,1.5383113442917378
2018-09-24,1.5381516416368797
2018-09-25,1.56503957139448
2018-09-26,1.5642337953835572
2018-09-27,1.553725654027128
2018-09-28,1.5570301241958475
2018-10-01,1.564425131087413
2018-10-02,1.56883853047221
2018-10-03,1.566054141314527
2018-10-04,1.5857459177276192
2018-10-05,1.5612832228041016
2018-10-08,1.5545186530062836
2018-10-09,1.553256864221998
2018-10-10,1.5692622024613136
2018-10-11,1.50755258152511
2018-10-12,1.5681113198750203
2018-10-15,1.555255025886525
2018-10-16,1.5532739578398025
2018-10-17,1.5171786921141783
2018-10-18,1.5122756922943694
2018-10-19,1.4846417322228198
2018-10-22,1.479207157457571
2018-10-23,1.4871651776779562
2018-10-24,1.5089762383686323
2018-10-25,1.4980794661603332
2018-10-26,1.485239461118478
2018-10-29,1.495463885149725
2018-10-30,1.4906975686187802
2018-10-31,1.4901229981795325
2018-11-01,1.4971681250770916
2018-11-02,1.4896262579243504
2018-11-05,1.4899346234085755
2018-11-06,1.4892362962931867
2018-11-07,1.4877955181512954
2018-11-08,1.4667470978150874
2018-11-09,1.4553815239313876
2018-11-12,1.4585334089654631
2018-11-13,1.4532370279461424
2018-11-14,1.4621239082800628
2018-11-15,1.4703071243543588
2018-11-16,1.4681143592690278
2018-11-19,1.468801011596531
2018-11-20,1.4667195036149383
2018-11-21,1.4530809509012628
2018-11-23,1.446334651982752
2018-11-26,1.4550153210825076
2018-11-27,1.4467608756796604
2018-11-28,1.44689264475914
2018-11-29,1.43959992346548
2018-11-30,1.4391010529021915
2018-12-03,1.4395056901057774
2018-12-04,1.4178505596143731
2018-12-06,1.4373184696806969
2018-12-07,1.4387799162855184
2018-12-10,1.4427776281842437
2018-12-11,1.4466388694061882
2018-12-12,1.4427490286595681
2018-12-13,1.4449321563484057
2018-12-14,1.446103437959718
2018-12-17,1.4359709339893123
2018-12-18,1.4371969580673125
2018-12-19,1.4361300824251184
2018-12-20,1.4435143639609225
2018-12-21,1.4544334523674518
2018-12-24,1.4418432767549707
2018-12-26,1.4414161932659655
2018-12-27,1.4156338236288397
2018-12-28,1.4140299875042912
2018-12-31,1.4132970927234163
2019-01-02,1.4073187948116206
2019-01-03,1.4018720782217715
2019-01-04,1.4140992219732906
2019-01-07,1.4057410394472618
2019-01-08,1.4108054258385758
2019-01-09,1.4113560867838484
2019-01-10,1.408559764519271
2019-01-11,1.4104931598235955
2019-01-14,1.4377247621015554
2019-01-15,1.4172140568639287
2019-01-16,1.4178597883014192
2019-01-17,1.4170056478315345
2019-01-18,1.4277612986652444
2019-01-22,1.4323111754282463
2019-01-23,1.4404008538976103
2019-01-24,1.4397230406565127
2019-01-25,1.4388257147757044
2019-01-28,1.4380818400668542
2019-01-29,1.4459621447893631
2019-01-30,1.4499775243448627
2019-01-31,1.4358373050910633
2019-02-01,1.4386993650819928
2019-02-04,1.4392902148251872
2019-02-05,1.4345211584191293
2019-02-06,1.4343183607198293
2019-02-07,1.4331427132284462
2019-02-08,1.4331728010619187
2019-02-11,1.4323423783082634
2019-02-12,1.44143748026659
2019-02-13,1.439599721553297
2019-02-14,1.4412010932362673
2019-02-15,1.4512312361389101
2019-02-19,1.444020786886523
2019-02-20,1.442779309786036
2019-02-21,1.4435824103140746
2019-02-22,1.4438417773996928
2019-02-25,1.4468919692466329
2019-02-26,1.4690052416734953
2019-02-27,1.4699556395898838
2019-02-28,1.476604360080562
2019-03-01,1.4793597269157235
2019-03-04,1.4901702377627943
2019-03-05,1.4988966199679596
2019-03-06,1.4973513021090656
2019-03-07,1.494900647506056
2019-03-08,1.5176851196385708
2019-03-11,1.5138948975555369
2019-03-12,1.5090816903643398
2019-03-13,1.5086701812750631
2019-03-14,1.5024911247418007
2019-03-15,1.5017319247994758
2019-03-18,1.494101693526275
2019-03-19,1.4917897713173252
2019-03-20,1.5114710791885257
2019-03-21,1.522026269273056
2019-03-22,1.5138222540528696
2019-03-25,1.5159600318726332
2019-03-26,1.5173248501199763
2019-03-27,1.5538614907480293
2019-03-28,1.5693166790148505
2019-03-29,1.645845478922985
2019-04-01,1.6394989856913527
2019-04-02,1.6554591852070002
2019-04-03,1.6591227476815693
2019-04-04,1.6623492839524503
2019-04-05,1.6314329591077932
2019-04-08,1.6467845091422992
2019-04-09,1.647228077746504
2019-04-10,1.646270738348524
2019-04-11,1.648121946519237
2019-04-12,1.6312929350501693
2019-04-15,1.635413638079184
2019-04-16,1.6509735202888318
2019-04-17,1.6550575397610443
2019-04-18,1.6551301113473385
2019-04-22,1.6557467330435163
2019-04-23,1.6462329043889405
2019-04-24,1.6542491257666763
2019-04-25,1.6620620986708767
2019-04-26,1.660563783201625
2019-04-29,1.6721057351757467
2019-04-30,1.693402948588302
2019-05-01,1.6883407769769279
2019-05-02,1.7410272121516162
2019-05-03,1.7480061080495586
2019-05-06,1.708387431251855
2019-05-07,1.7035340559341199
2019-05-08,1.6835651393789652
2019-05-09,1.6871179908325542
2019-05-10,1.6888803603841285
2019-05-13,1.6851623098992627
2019-05-14,1.6518575380095255
2019-05-15,1.6587784396046146
2019-05-16,1.6451931586755149
2019-05-17,1.6514173849083233
2019-05-20,1.6504742414730924
2019-05-21,1.6480904941655734
2019-05-22,1.643915920088421
2019-05-23,1.6578852003809912
2019-05-24,1.6935576954817864
2019-05-28,1.6873109996640978
2019-05-29,1.6963591961924571
2019-05-30,1.6941019422962142
2019-05-31,1.7024392454313904
2019-06-03,1.7080359010016812
2019-06-04,1.7255629515207749
2019-06-05,1.728196618109918
2019-06-06,1.7446866076409746
2019-06-07,1.7395774213494144
2019-06-10,1.6921545465338743
2019-06-11,1.7169705542157034
2019-06-12,1.7246489019753282
2019-06-13,1.72921241037277
2019-06-14,1.725622741702975
2019-06-17,1.741544980257226
2019-06-18,1.7425983225867245
2019-06-19,1.6937966482327256
2019-06-20,1.687691081549622
2019-06-21,1.6554374997254457
2019-06-24,1.6513277954799888
2019-06-25,1.6532019894317451
2019-06-26,1.6436261652675705
2019-06-27,1.6460861151237418
2019-06-28,1.6355810096821246
2019-07-01,1.6401024664897692
2019-07-02,1.629466522813315
2019-07-03,1.6417193133684658
2019-07-05,1.6241484179941044
2019-07-08,1.6193054817251318
2019-07-09,1.6150130386768196
2019-07-10,1.6133830813867414
2019-07-11,1.6134654054067186
2019-07-12,1.6218337407986578
2019-07-15,1.624174751461296
2019-07-16,1.6186436524919998
2019-07-17,1.612956712060206
2019-07-18,1.6266204249932683
2019-07-19,1.628507088103293
2019-07-22,1.6230385788951707
2019-07-23,1.6193163110929372
2019-07-24,1.6258345997818373
2019-07-25,1.6189886468741845
2019-07-26,1.6053369088436948
2019-07-29,1.6011008697642715
2019-07-30,1.5985930875769963
2019-07-31,1.6008313609087435
2019-08-01,1.6001059799231205
2019-08-02,1.6508573260306414
2019-08-05,1.6724063380264664
2019-08-06,1.6821145736797842
2019-08-07,1.679469102406134
2019-08-08,1.6871762186536603
2019-08-09,1.6657214541289835
2019-08-12,1.661880208331405
2019-08-13,1.720499060848072
2019-08-14,1.7216016571998598
2019-08-15,1.7362955297054172
2019-08-16,1.726269906095187
2019-08-19,1.7476670552789801
2019-08-20,1.778870908210274
2019-08-21,1.785562995920926
2019-08-22,1.792472371411625
2019-08-23,1.7855259781983654
2019-08-26,1.8041574913000595
2019-08-27,1.8008184336825128
2019-08-28,1.8093994522490573
2019-08-29,1.806986602340142
2019-08-30,1.799118477112625
2019-09-03,1.7881270575724337
2019-09-04,1.7945113432408855
2019-09-05,1.756672509578058
2019-09-06,1.8070644953379529
2019-09-09,1.8423785444531198
2019-09-10,1.8397607844572954
2019-09-11,1.8359659634549568
2019-09-12,1.839434842879327
2019-09-13,1.847564093133535
2019-09-16,1.8444890533040694
2019-09-17,1.868371999612844
2019-09-18,1.9110772253964716
2019-09-19,1.9154731936877818
2019-09-20,1.955316719121407
2019-09-23,1.9663812385459025
2019-09-24,1.9711493367846165
2019-09-25,1.9877781502309917
2019-09-26,1.992923927672862
2019-09-27,1.9984000969469369
2019-09-30,1.9857158450725518
2019-10-01,1.9866271081148401
2019-10-02,1.9775455631180003
2019-10-03,1.980470773948635
2019-10-04,1.9691281337653228
2019-10-07,1.9480688381510065
2019-10-08,1.936248395353898
2019-10-09,1.9360131172129766
2019-10-10,1.9345363530180337
2019-10-11,1.9548490155868616
2019-10-14,1.9668677461145692
2019-10-15,1.9756496940874788
2019-10-16,1.9789153269471627
2019-10-17,1.9800607921589717
2019-10-18,1.9878884335889293
2019-10-21,1.986368271418634
2019-10-22,1.9899337887390942
2019-10-23,1.9955375251298872
2019-10-24,2.0107664517409742
2019-10-25,2.0141978581927136
2019-10-28,2.0139550219202786
2019-10-29,2.0189752689905403
2019-10-30,2.031319719188955
2019-10-31,1.9854338833952712
2019-11-01,1.9938756032757872
2019-11-04,2.0068748427447827
2019-11-05,2.046479845906074
2019-11-06,2.029366368409767
2019-11-07,2.0846632272406866
2019-11-08,2.0950507649390406
2019-11-11,2.064465459876445
2019-11-12,2.087015398750261
2019-11-13,2.10162316543489
2019-11-14,2.110780161420404
2019-11-15,2.1173990767061275
2019-11-18,2.0861429377629954
2019-11-19,2.072557063117916
2019-11-20,2.0771985887065294
2019-11-21,2.0996574233359104
2019-11-22,2.055435913654074
2019-11-25,2.067059853865993
2019-11-26,2.050127865735642
2019-11-27,2.0530608447097793
2019-11-29,2.0633973662722327
2019-12-02,2.044902552087542
2019-12-03,1.9813535677586236
2019-12-04,2.1048162683772436
2019-12-05,2.04898646001039
2019-12-06,2.0418732309449337
2019-12-09,2.049465703859014
2019-12-10,2.066267905445652
2019-12-11,2.0686816180295535
2019-12-12,2.0421629706007045
2019-12-13,2.1003120176238106
2019-12-16,2.0474106759937825
2019-12-17,2.043192354715963
2019-12-18,2.046184453881972
2019-12-19,2.045363245980042
2019-12-20,2.0206129392737067
2019-12-23,2.0086003908138004
2019-12-24,1.9925835855827707
2019-12-26,1.9862956095261743
2019-12-27,1.9613472287009481
2019-12-30,1.9854583564634565
2019-12-31,1.9472950640752555
2020-01-02,1.9547554703256265
2020-01-03,1.8984728176247214
2020-01-06,1.9913882300979098
2020-01-07,2.0605468961536846
2020-01-08,2.1062478063777346
2020-01-09,2.138155750576211
2020-01-10,2.1456621458423797
2020-01-13,2.131040642814481
2020-01-14,2.117807966682551
2020-01-15,2.1123704949100963
2020-01-16,2.0795816383724164
2020-01-17,2.077467387925626
2020-01-21,2.083033565116171
2020-01-22,2.115293154288116
2020-01-23,2.107960742640771
2020-01-24,2.1060449947785305
2020-01-27,2.122806355788217
2020-01-28,2.092070152996043
2020-01-29,2.1228137394629356
2020-01-30,2.108787648880047
2020-01-31,2.1218894842123146
2020-02-03,2.1076018411327513
2020-02-04,2.114057062881413
2020-02-05,2.1743286539383817
2020-02-06,2.1707062365912364
2020-02-07,2.181263317356855
2020-02-10,2.188152272307835
2020-02-11,2.177561219552188
2020-02-12,2.1838634213044297
2020-02-13,2.1959131445004814
2020-02-14,2.1980649125185536
2020-02-18,2.1922787594843447
2020-02-19,2.205490903756666
2020-02-20,2.1952361724999876
2020-02-21,2.1961349260260508
2020-02-24,2.2082368825733507
2020-02-25,1.9853201309413564
2020-02-26,1.836886447128576
2020-02-27,1.8382179602019628
2020-02-28,1.70170094560799
2020-03-02,1.7582898883106899
2020-03-03,1.6789857510800572
2020-03-04,1.7314277748052531
2020-03-05,1.7035040563039503
2020-03-06,1.7153325857945525
2020-03-09,1.780495334200889
2020-03-10,1.5595210520764005
2020-03-11,1.627250551796601
2020-03-12,1.5287079441705396
2020-03-13,1.3944138194252031
2020-03-16,1.4114993495807036
2020-03-17,1.4085321802618997
2020-03-18,1.4590957292406521
2020-03-19,1.4147152471061815
2020-03-20,1.4187956531247006
2020-03-23,1.4514166636099264
2020-03-24,1.4650441416125093
2020-03-25,1.4382781450352344
2020-03-26,1.4403567966890318
2020-03-27,1.4304335245656183
2020-03-30,1.4338955621361424
2020-03-31,1.4348793586278668
2020-04-01,1.4357181888350115
2020-04-02,1.434930438178021
2020-04-03,1.4325472728165844
2020-04-06,1.4362044802208398
2020-04-07,1.4254349739433065
2020-04-08,1.4265814914219126
2020-04-09,1.4264184192925802
2020-04-13,1.4299016616221008
2020-04-14,1.4314630301072753
2020-04-15,1.4296671109163066
2020-04-16,1.4320922032804055
2020-04-17,1.4320440012343674
2020-04-20,1.4356789847306324
2020-04-21,1.4357011845958985
2020-04-22,1.4363478837057855
2020-04-23,1.4384667399662991
2020-04-24,1.438844482236574
2020-04-27,1.4387521191307846
2020-04-28,1.4423250514216144
2020-04-29,1.4417049905770878
2020-04-30,1.4388847097265305
2020-05-01,1.4406036979186183
2020-05-04,1.4395566439532854
2020-05-05,1.4394208852388435
2020-05-06,1.4380283012934967
2020-05-07,1.4375394747475965
2020-05-08,1.435833078626844
2020-05-11,1.4365910296057203
2020-05-12,1.4374599380657265
2020-05-13,1.4376100287536298
2020-05-14,1.4376203511894297
2020-05-15,1.4370168790852105
2020-05-18,1.4381563934911716
2020-05-19,1.4401661429420274
2020-05-20,1.4410721099381518
2020-05-21,1.4386432456138785
2020-05-22,1.4385048451337568
2020-05-26,1.4378955699665794
2020-05-27,1.441672885331064
2020-05-28,1.4415314120561133
2020-05-29,1.4442169020076467
2020-06-01,1.4384788718461563
2020-06-02,1.4411909404981997
2020-06-03,1.435580322530357
2020-06-04,1.4392436968766504
2020-06-05,1.4347939343649403
2020-06-08,1.426363796999881
2020-06-09,1.4400631169690918
2020-06-10,1.4230913316887668
2020-06-11,1.4461883121473373
2020-06-12,1.4980554383134022
2020-06-15,1.4924929537310336
2020-06-16,1.5144019078254174
2020-06-17,1.4620899088817167
2020-06-18,1.563979425081108
2020-06-19,1.556202707897576
2020-06-22,1.4840166297689885
2020-06-23,1.449976040949563
2020-06-24,1.5058062774450829
2020-06-25,1.492843508313303
2020-06-26,1.5199453591541408
2020-06-29,1.5118538683051772
2020-06-30,1.50774630984115
2020-07-01,1.5129316685540506
2020-07-02,1.5239731073210399
2020-07-06,1.5430757372711048
2020-07-07,1.5285289126547674
2020-07-08,1.5877339811090265
2020-07-09,1.5864005368172682
2020-07-10,1.5904230056821282
2020-07-13,1.57674679030503
2020-07-14,1.5715573238109515
2020-07-15,1.575488700041734
2020-07-16,1.5621475914150846
2020-07-17,1.5594799389863407
2020-07-20,1.5428350340024346
2020-07-21,1.5442397248679938
2020-07-22,1.5854831448689983
2020-07-23,1.5800713573220104
2020-07-24,1.5806885570734965
2020-07-27,1.5748146893374328
2020-07-28,1.5465370356165578
2020-07-29,1.5396874922614536
2020-07-30,1.5578184994337088
2020-07-31,1.5608973334788743
2020-08-03,1.5873768047599248
2020-08-04,1.586013107778384
2020-08-05,1.5816501124902758
2020-08-06,1.5941082445066428
2020-08-07,1.6026068999433984
2020-08-10,1.5880274788221571
2020-08-11,1.5890634793904945
2020-08-12,1.5805515540028592
2020-08-13,1.5850218481013572
2020-08-14,1.5964838185245105
2020-08-17,1.5902821948535315
2020-08-18,1.5733163664107108
2020-08-19,1.5714347227047596
2020-08-20,1.5753199712193273
2020-08-21,1.5779616104530791
2020-08-24,1.5761497448279502
2020-08-25,1.5626309731209542
2020-08-26,1.5617003079857563
2020-08-27,1.5612424052263376
2020-08-28,1.5587291655642876
2020-08-31,1.5543740715339858
2020-09-01,1.5543680876224135
2020-09-02,1.5342345416030374
2020-09-03,1.541227965339329
2020-09-04,1.490678884662722
2020-09-08,1.4923918416688278
2020-09-09,1.4722999747112866
2020-09-10,1.456769080781887
2020-09-11,1.5032780212084151
2020-09-14,1.4974877767846035
2020-09-15,1.4929189196988795
2020-09-16,1.4824882914456996
2020-09-17,1.4850080013945144
2020-09-18,1.4825181891174812
2020-09-21,1.4737959551751008
2020-09-22,1.4712929109487864
2020-09-23,1.4732754971395177
2020-09-24,1.4545052070567035
2020-09-25,1.4575737876243369
2020-09-28,1.4555959544287698
2020-09-29,1.4462012978243122
2020-09-30,1.4457847256147403
2020-10-01,1.4529388203708402
2020-10-02,1.4535170523993373
2020-10-05,1.4523240920902876
2020-10-06,1.4590075257658144
2020-10-07,1.4607244286469834
2020-10-08,1.4513116958928414
2020-10-09,1.445993482294469
2020-10-12,1.4421583090719283
2020-10-13,1.4463362670110211
2020-10-14,1.4488486427262615
2020-10-15,1.4500364509669306
2020-10-16,1.4500170630121454
2020-10-19,1.4547231712446784
2020-10-20,1.4485229741658727
2020-10-21,1.4511407789405486
2020-10-22,1.4449835695601139
2020-10-23,1.4473311225106018
2020-10-26,1.4536499836607892
2020-10-27,1.4518061672032878
2020-10-28,1.45849286104448
2020-10-29,1.413558060312854
2020-10-30,1.413170085743893
2020-11-02,1.411733159001019
2020-11-03,1.408364213291496
2020-11-04,1.4048234939832136
2020-11-05,1.3885416955064493
2020-11-06,1.3766771987056032
2020-11-09,1.377889889650182
2020-11-10,1.4138235304175382
2020-11-11,1.4155481578824358
2020-11-12,1.4003037232916626
2020-11-13,1.4122951579215464
2020-11-16,1.413089876343759
2020-11-17,1.4109848494710748
2020-11-18,1.4134128352790398
2020-11-19,1.412001519606394
2020-11-20,1.4084442296419897
2020-11-23,1.410949059354974
2020-11-24,1.4124264231279853
2020-11-25,1.42020126863133
2020-11-27,1.419761106170415
2020-11-30,1.4239657553674532
2020-12-01,1.4209066983972236
2020-12-02,1.4347454443639487
2020-12-03,1.4308506444821532
2020-12-04,1.4548133952036253
2020-12-07,1.4614244399773821
2020-12-08,1.480469743192773
2020-12-09,1.494701530895638
2020-12-10,1.4940401744356016
2020-12-11,1.4942427350543992
2020-12-14,1.4987115642898237
2020-12-15,1.4995198854255718
2020-12-16,1.4901397440481163
2020-12-17,1.4891562757144765
2020-12-18,1.4938446744051928
2020-12-21,1.496047010722881
2020-12-22,1.4945959917143268
2020-12-23,1.5307341867127338
2020-12-24,1.5340312572676489
2020-12-28,1.5316968287379087
2020-12-29,1.5438806327033636
2020-12-30,1.5418023532203617
2020-12-31,1.532877807809441
2021-01-04,1.5334741915466388
2021-01-05,1.5563089080644397
2021-01-06,1.545195418934876
2021-01-07,1.556474193507744
2021-01-08,1.5623284801825184
2021-01-11,1.594204942137028
2021-01-12,1.5871227758032052
2021-01-13,1.5892925714656863
2021-01-14,1.5896774304083512
2021-01-15,1.5907017413386073
2021-01-19,1.5853017335670507
2021-01-20,1.5776573895628918
2021-01-21,1.5739194132409844
2021-01-22,1.5714470663421138
2021-01-25,1.5686369070014679
2021-01-26,1.5667074524457387
2021-01-27,1.5640008420259446
2021-01-28,1.544144981917165
2021-01-29,1.5440474513039657
2021-02-01,1.614766281019101
2021-02-02,1.5744241006924604
2021-02-03,1.609549063772112
2021-02-04,1.622307878626453
2021-02-05,1.6356199837756116
2021-02-08,1.7046220582467897
2021-02-09,1.7532605907000263
2021-02-10,1.7536830620449186
2021-02-11,1.6829621753025426
2021-02-12,1.676506334641067
2021-02-16,1.689404730281184
2021-02-17,1.6692315880082125
2021-02-18,1.6802180884963458
2021-02-19,1.6791362566340038
2021-02-22,1.6770987200992062
2021-02-23,1.7038124192808577
2021-02-24,1.7055957982916554
2021-02-25,1.698836669457769
2021-02-26,1.5734420415287085
2021-03-01,1.6211525492407528
2021-03-02,1.629181410747156
2021-03-03,1.6249556139446928
2021-03-04,1.6035728913350267
2021-03-05,1.5834060989744518
2021-03-08,1.5722509646505332
2021-03-09,1.556710848282277
2021-03-10,1.512161317508706
2021-03-11,1.5059043311007165
2021-03-12,1.5057737334742347
2021-03-15,1.5145981211862773
2021-03-16,1.5119338601748964
2021-03-17,1.5112189900596587
2021-03-18,1.5122386250787643
2021-03-19,1.4900159572866647
2021-03-22,1.4908347896253085
2021-03-23,1.4946303174122855
2021-03-24,1.5032589783147143
2021-03-25,1.5106545587741673
2021-03-26,1.5120152770165105
2021-03-29,1.5029204501100852
2021-03-30,1.5023107389309065
2021-03-31,1.5061933666739848
2021-04-01,1.5083265966331978
2021-04-05,1.4884218396389137
2021-04-06,1.493736309999823
2021-04-07,1.4847214102488069
2021-04-08,1.4845721093853803
2021-04-09,1.4723801808744839
2021-04-12,1.469907774475818
2021-04-13,1.4464682236320208
2021-04-14,1.4476487221076275
2021-04-15,1.4501084660969894
2021-04-16,1.4347679405551366
2021-04-19,1.4336056228839742
2021-04-20,1.4323644293115225
2021-04-21,1.44231763273421
2021-04-22,1.4487312519539681
2021-04-23,1.4497886698525086
2021-04-26,1.448435599806474
2021-04-27,1.4487351156735713
2021-04-28,1.44934025060636
2021-04-29,1.4579270391112367
2021-04-30,1.4546144732324848
2021-05-03,1.4621848859842361
2021-05-04,1.4868760715103313
2021-05-05,1.4661442176388848
2021-05-06,1.465998340400417
2021-05-07,1.4536230308225275
2021-05-10,1.4505126980541685
2021-05-11,1.4470870411969676
2021-05-12,1.4483923066869284
2021-05-13,1.4208302600878264
2021-05-14,1.4236176396378133
2021-05-17,1.4014094197227063
2021-05-18,1.3988099585385962
2021-05-19,1.3978176884142044
2021-05-20,1.399841317373403
2021-05-21,1.3944374617592294
2021-05-24,1.3809586000692526
2021-05-25,1.3751992260445343
2021-05-26,1.3748486629625902
2021-05-27,1.4206674801994492
2021-05-28,1.375733694394471
2021-06-01,1.357076568769886
2021-06-02,1.3587029295459165
2021-06-03,1.3667522718371625
2021-06-04,1.3662384353181236
2021-06-07,1.3569037364373089
2021-06-08,1.369000070616268
2021-06-09,1.395397940989593
2021-06-10,1.3981549380442946
2021-06-11,1.389220465351657
2021-06-14,1.3850683107291957
2021-06-15,1.390497616692621
2021-06-16,1.3888930236711754
2021-06-17,1.379882975656648
2021-06-18,1.456649827116337
2021-06-21,1.481600843177909
2021-06-22,1.4988452460429804
2021-06-23,1.496682647873773
2021-06-24,1.4799412774046485
2021-06-25,1.4694349652178413
2021-06-28,1.475387616574609
2021-06-29,1.4832408092622942
2021-06-30,1.4826531851154452
2021-07-01,1.4770500643417805
2021-07-02,1.5136154063402552
2021-07-06,1.4871596293761942
2021-07-07,1.4968706787870918
2021-07-08,1.4991805460801888
2021-07-09,1.5097552810649784
2021-07-12,1.5221763428212864
2021-07-13,1.523732417290487
2021-07-14,1.5314449343540324
2021-07-15,1.5284216410248594
2021-07-16,1.5718292832818463
2021-07-19,1.5536938467853019
2021-07-20,1.595798845040943
2021-07-21,1.6052656581462863
2021-07-22,1.6276835013092905
2021-07-23,1.6253228068238372
2021-07-26,1.6372587985908094
2021-07-27,1.6387094814414058
2021-07-28,1.6446971139973987
2021-07-29,1.6469994071915557
2021-07-30,1.648180581369648
2021-08-02,1.6568311544934997
2021-08-03,1.658680526833204
2021-08-04,1.6544785747873754
2021-08-05,1.6515994871287076
2021-08-06,1.665964917869856
2021-08-09,1.6543619080417773
2021-08-10,1.675700271119502
2021-08-11,1.681450489482319
2021-08-12,1.7992255872422414
2021-08-13,1.7917508317264597
2021-08-16,1.8736076605945755
2021-08-17,1.8642185650768512
2021-08-18,1.8362895380554265
2021-08-19,1.84060017494044
2021-08-20,1.8777587182343245
2021-08-23,1.88331598749559
2021-08-24,1.865217828145579
2021-08-25,1.8745925279572695
2021-08-26,1.8765073455615071
2021-08-27,1.864724798914062
2021-08-30,1.8152967640271926
2021-08-31,1.8067883244319445
2021-09-01,1.8113720389792984
2021-09-02,1.8454070080237905
2021-09-03,1.912197853787824
2021-09-07,1.9250001341241239
2021-09-08,1.90432322283249
2021-09-09,1.9059687782045136
2021-09-10,1.933941438945172
2021-09-13,1.9184513669207126
2021-09-14,1.904696102207211
2021-09-15,1.9177497303957578
2021-09-16,1.9550761383404593
2021-09-17,1.8913037538732067
2021-09-20,1.8095746407847266
2021-09-21,1.7917746359963223
2021-09-22,1.7926012229343748
2021-09-23,1.7718883334570519
2021-09-24,1.8285106973784033
2021-09-27,1.8192746690768962
2021-09-28,1.8222182612458813
2021-09-29,1.7031931934420776
2021-09-30,1.7050914291732409
2021-10-01,1.7249472263426249
2021-10-04,1.7224204847393147
2021-10-05,1.7072345941350213
2021-10-06,1.7130763602262484
2021-10-07,1.716594268062098
2021-10-08,1.7138150452287009
2021-10-11,1.7147438783581332
2021-10-12,1.7116790646620395
2021-10-13,1.7179237305874893
2021-10-14,1.6863484942196123
2021-10-15,1.6660887078581912
2021-10-18,1.639545739966289
2021-10-19,1.6372612531740611
2021-10-20,1.6330849290358123
2021-10-21,1.641213733789586
2021-10-22,1.6348772262822118
2021-10-25,1.6372678482846457
2021-10-26,1.6254835857417165
2021-10-27,1.6275824255212599
2021-10-28,1.6460689118036513
2021-10-29,1.645064122309045
2021-11-01,1.640758769446514
2021-11-02,1.64632885363312
2021-11-03,1.6466237601372038
2021-11-04,1.6592988617996336
2021-11-05,1.6691305063547788
2021-11-08,1.6603851436032742
2021-11-09,1.6594008452398505
2021-11-10,1.6685411517374684
2021-11-11,1.643676809478657
2021-11-12,1.6491615798616976
2021-11-15,1.6473270822413975
2021-11-16,1.6564221168609055
2021-11-17,1.6622642475245957
2021-11-18,1.6603603970409357
2021-11-19,1.653831857036542
2021-11-22,1.6909174843888233
2021-11-23,1.6609616593011793
2021-11-24,1.663965009149886
2021-11-26,1.67294623318985
2021-11-29,1.7405570116455875
2021-11-30,1.7480637842088318
2021-12-01,1.7568687199552786
2021-12-02,1.7621732545453594
2021-12-03,1.7479543643881816
2021-12-06,1.7540858761833196
2021-12-07,1.7691345137132404
2021-12-08,1.7419851445302192
2021-12-09,1.7442578911236575
2021-12-10,1.7443725612457062
2021-12-13,1.741791855317607
2021-12-14,1.7480569562417505
2021-12-15,1.735848914305882
2021-12-16,1.7366849373326019
2021-12-17,1.7696307337638761
2021-12-20,1.7720246497684438
2021-12-21,1.7507801605508277
2021-12-22,1.742919650936604
2021-12-23,1.6967898206642582
2021-12-27,1.6998976515334785
2021-12-28,1.681096657399909
2021-12-29,1.763803653723052
2021-12-30,1.7585058827469664
2021-12-31,1.7475987522032093
2022-01-03,1.7610510756426487
2022-01-04,1.7898302897153053
2022-01-05,1.789400379572591
2022-01-06,1.727427469021146
2022-01-07,1.7246294282108932
2022-01-10,1.7268187723045811
2022-01-11,1.7325398873109283
2022-01-12,1.695735102262441
2022-01-13,1.7091520975557606
2022-01-14,1.7317223283737402
2022-01-18,1.7282138540915293
2022-01-19,1.6931913569545547
2022-01-20,1.7009384630223325
2022-01-21,1.7026273465092148
2022-01-24,1.7067322714190867
2022-01-25,1.7103165884479312
2022-01-26,1.7104422869494835
2022-01-27,1.704688314977862
2022-01-28,1.709978169599392
2022-01-31,1.6991464351792296
2022-02-01,1.6767517123323317
2022-02-02,1.672768348900721
2022-02-03,1.6638741866556475
2022-02-04,1.6158374216505322
2022-02-07,1.6294077167451857
2022-02-08,1.640433914128985
2022-02-09,1.6423736041902055
2022-02-10,1.6168926079002304
2022-02-11,1.5914187608160208
2022-02-14,1.6222423967969541
2022-02-15,1.6273254581621122
2022-02-16,1.6422847294008902
2022-02-17,1.6391405943912496
2022-02-18,1.6456876406037249
2022-02-22,1.649444065155783
2022-02-23,1.6450221030678542
2022-02-24,1.6361982515339841
2022-02-25,1.6463992880605782
2022-02-28,1.6315960889207555
2022-03-01,1.6150912119715528
2022-03-02,1.6507340829812627
2022-03-03,1.686350586110476
2022-03-04,1.6899094999603823
2022-03-07,1.7387709719527742
2022-03-08,1.699991816880817
2022-03-09,1.7087404708652678
2022-03-10,1.8203255698941494
2022-03-11,1.8071243840269837
2022-03-14,1.8041627789162895
2022-03-15,1.7898422766068411
2022-03-16,1.7940799859562322
2022-03-17,1.736379579953512
2022-03-18,1.734398152819005
2022-03-21,1.721627269613711
2022-03-22,1.7315770075239696
2022-03-23,1.747042485768704
2022-03-24,1.7791913144904876
2022-03-25,1.7930348797388833
2022-03-28,1.7969447631630318
2022-03-29,1.8316949903062336
2022-03-30,1.8070250829411352
2022-03-31,1.8100989332147743
2022-04-01,1.8008106965711148
2022-04-04,1.8016528228990178
2022-04-05,1.7828782010715258
2022-04-06,1.7450776360889235
2022-04-07,1.7562352306597888
2022-04-08,1.7540718587941044
2022-04-11,1.7542711278926828
2022-04-12,1.7349070687442485
2022-04-13,1.7585142574928954
2022-04-14,1.7425803822684534
2022-04-18,1.7282608697730026
2022-04-19,1.7251605946637218
2022-04-20,1.7551851416491195
2022-04-21,1.7531916061102706
2022-04-22,1.733740953843901
2022-04-25,1.6993502994905847
2022-04-26,1.7053619699247162
2022-04-27,1.7063508403737375
2022-04-28,1.7106230988545053
2022-04-29,1.6784858233216358
2022-05-02,1.6502282805647324
2022-05-03,1.67028462216131
2022-05-04,1.6723656395318158
2022-05-05,1.6304378973369666
2022-05-06,1.5804915587297972
2022-05-09,1.5748635712863233
2022-05-10,1.5583277451249344
2022-05-11,1.5601086673428375
2022-05-12,1.5840678000673265
2022-05-13,1.599288530952759
2022-05-16,1.5815860572728364
2022-05-17,1.5824459101913135
2022-05-18,1.5807288338036798
2022-05-19,1.5868988832052116
2022-05-20,1.582307937458659
2022-05-23,1.5797438757733346
2022-05-24,1.5809401479238845
2022-05-25,1.5934451883364569
2022-05-26,1.5842927499351012
2022-05-27,1.5831155272352442
2022-05-31,1.5619393143077591
2022-06-01,1.543717058705053
2022-06-02,1.524094954703391
2022-06-03,1.5046527916126289
2022-06-06,1.4809265811688654
2022-06-07,1.4863487313129407
2022-06-08,1.4730469054304975
2022-06-09,1.4287162925285697
2022-06-10,1.4252433161378788
2022-06-13,1.4179657548438198
2022-06-14,1.3738199331547456
2022-06-15,1.3666414747234255
2022-06-16,1.3646464191997802
2022-06-17,1.3720812947194891
2022-06-21,1.3795446237898024
2022-06-22,1.3741560692867196
2022-06-23,1.3798220726026718
2022-06-24,1.3715706970063555
2022-06-27,1.3692448987775614
2022-06-28,1.3669235045683665
2022-06-29,1.356884605253516
2022-06-30,1.3665358430331151
2022-07-01,1.3693806233582613
2022-07-05,1.367203209697599
2022-07-06,1.3842875582932725
2022-07-07,1.3896566902407976
2022-07-08,1.3962279574693615
2022-07-11,1.3993743310021083
2022-07-12,1.405363369447637
2022-07-13,1.4084272325681804
2022-07-14,1.4126238214345608
2022-07-15,1.4114270057522802
2022-07-18,1.4094424995925505
2022-07-19,1.4144182161743646
2022-07-20,1.408244284677389
2022-07-21,1.4003290888372084
2022-07-22,1.394134270642985
2022-07-25,1.4042648624492384
2022-07-26,1.4156380029552984
2022-07-27,1.4107291244322242
2022-07-28,1.3939876999021954
2022-07-29,1.3894848899600483
2022-08-01,1.393634270145808
2022-08-02,1.4125856715920655
2022-08-03,1.40454045557627
2022-08-04,1.401011622521137
2022-08-05,1.4205160730164728
2022-08-08,1.4596889091891592
2022-08-09,1.4634127478885854
2022-08-10,1.4783858741385856
2022-08-11,1.4724525790019451
2022-08-12,1.4616109309236516
2022-08-15,1.4531118837215629
2022-08-16,1.4495286371297722
2022-08-17,1.4463621967122013
2022-08-18,1.4344815721731663
2022-08-19,1.4260950478121803
2022-08-22,1.409777559406169
2022-08-23,1.4038827261926203
2022-08-24,1.4001447602094583
2022-08-25,1.390457263863617
2022-08-26,1.3870258001339526
2022-08-29,1.383652759240593
2022-08-30,1.3916403542900944
2022-08-31,1.389065923853605
2022-09-01,1.3855423450640287
2022-09-02,1.3980709044760682
2022-09-06,1.404004144951429
2022-09-07,1.4001099091136162
2022-09-08,1.4006058648741304
2022-09-09,1.4021213595339068
2022-09-12,1.3974889743093255
2022-09-13,1.4048426858888234
2022-09-14,1.4452058750454153
2022-09-15,1.4429489849654047
2022-09-16,1.453858204620635
2022-09-19,1.4458679498859432
2022-09-20,1.440084312098338
2022-09-21,1.4235446361436463
2022-09-22,1.4202900857573446
2022-09-23,1.4177498039761782
2022-09-26,1.4094554206175773
2022-09-27,1.4001830106755697
2022-09-28,1.401177873818443
2022-09-29,1.3648395154104722
2022-09-30,1.3559178409458048
2022-10-03,1.3549360466082956
2022-10-04,1.313465373626852
2022-10-05,1.2993252155820585
2022-10-06,1.2984121619888571
2022-10-07,1.2965826110284067
2022-10-10,1.2837234310676993
2022-10-11,1.2753869043625747
2022-10-12,1.2754330953084323
2022-10-13,1.274541901289203
2022-10-14,1.2849982768006152
2022-10-17,1.2746600509479362
2022-10-18,1.2737228711073063
2022-10-19,1.2717814980786486
2022-10-20,1.2725434093742298
2022-10-21,1.2653963465414013
2022-10-24,1.2668508168705679
2022-10-25,1.271852906776301
2022-10-26,1.272033549252651
2022-10-27,1.2818263397529701
2022-10-28,1.2873375638890363
2022-10-31,1.2873731311767995
2022-11-01,1.2862352202612546
2022-11-02,1.2913065621643736
2022-11-03,1.2886472137619591
2022-11-04,1.286385325927218
2022-11-07,1.2911203694276088
2022-11-08,1.292402215064011
2022-11-09,1.2951061946750282
2022-11-10,1.2907620613913688
2022-11-11,1.243154076967952
2022-11-14,1.2407812101226512
2022-11-15,1.2403444512043436
2022-11-16,1.240348875277132
2022-11-17,1.2457555327884726
2022-11-18,1.2496810882971583
2022-11-21,1.2511902503907932
2022-11-22,1.250500613555076
2022-11-23,1.2470506179299894
2022-11-25,1.2491144952376283
2022-11-28,1.247926111755489
2022-11-29,1.2468679891628882
2022-11-30,1.2492311856910605
2022-12-01,1.2401948412121568
2022-12-02,1.24367559453003
2022-12-05,1.2426694165115917
2022-12-06,1.2357834388909879
2022-12-07,1.237911755380292
2022-12-08,1.2408238234642939
2022-12-09,1.243467281948938
2022-12-12,1.24435606610578
2022-12-13,1.2505588979297844
2022-12-14,1.248433484674168
2022-12-15,1.2505099088024987
2022-12-16,1.2484515234015052
2022-12-19,1.2483980674173618
2022-12-20,1.250322525840116
2022-12-21,1.2498948765467448
2022-12-22,1.248816910161507
2022-12-23,1.2474970908593
2022-12-27,1.2534439025278326
2022-12-28,1.2530391553178566
2022-12-29,1.2605396867085026
2022-12-30,1.2603458848564002
2023-01-03,1.2638086759779457
2023-01-04,1.2816576016814734
2023-01-05,1.2926159128005736
2023-01-06,1.289959955294441
2023-01-09,1.2777248626118851
2023-01-10,1.284489267088566
2023-01-11,1.2922236965139202
2023-01-12,1.2905366438521189
2023-01-13,1.2895143970890601
2023-01-17,1.283472083600612
2023-01-18,1.2953034401210273
2023-01-19,1.3056001300300388
2023-01-20,1.3071727372334419
2023-01-23,1.3192442823340147
2023-01-24,1.3239042284948004
2023-01-25,1.3187606395784957
2023-01-26,1.3100992278025243
2023-01-27,1.3208418213641415
2023-01-30,1.3147313867105246
2023-01-31,1.306304488900889
2023-02-01,1.2932778304199832
2023-02-02,1.2969522340553532
2023-02-03,1.3038355289360681
2023-02-06,1.297291330955961
2023-02-07,1.2980702979427257
2023-02-08,1.2878045798353677
2023-02-09,1.286959652429443
2023-02-10,1.282760953973119
2023-02-13,1.2886588684894864
2023-02-14,1.3781180886691462
2023-02-15,1.3765896976775058
2023-02-16,1.3796819367687225
2023-02-17,1.3774057065804408
2023-02-21,1.3694428601612134
2023-02-22,1.3566677094571535
2023-02-23,1.3585666360807742
2023-02-24,1.3567731836656753
2023-02-27,1.3560026506722869
2023-02-28,1.3557556917095188
2023-03-01,1.3573718458108524
2023-03-02,1.3646730763007744
2023-03-03,1.3616056182012612
2023-03-06,1.3737728209749733
2023-03-07,1.3693379930115288
2023-03-08,1.3651240807449325
2023-03-09,1.3876478139007926
2023-03-10,1.3843654932883398
2023-03-13,1.4084100271919235
2023-03-14,1.41841409345458
2023-03-15,1.4339667858679408
2023-03-16,1.4577241542812418
2023-03-17,1.4759905151900754
2023-03-20,1.4923719740894719
2023-03-21,1.5146074507224612
2023-03-22,1.5302973757309088
2023-03-23,1.5564405644007984
2023-03-24,1.5445662056007354
2023-03-27,1.552774512775678
2023-03-28,1.5775629106093967
2023-03-29,1.573556344666203
2023-03-30,1.5703203924685367
2023-03-31,1.5814966156484103
2023-04-03,1.594490228616415
2023-04-04,1.5957348239871856
2023-04-05,1.592258718306017
2023-04-06,1.5913126463501939
2023-04-10,1.5994128894955704
2023-04-11,1.6650805646701516
2023-04-12,1.6662069094508503
2023-04-13,1.6623360649785541
2023-04-14,1.6805595758864238
2023-04-17,1.6894845007603527
2023-04-18,1.6858891917009045
2023-04-19,1.6854501907967
2023-04-20,1.6566287549736742
2023-04-21,1.6546782938710605
2023-04-24,1.6422402866171157
2023-04-25,1.6374338686767027
2023-04-26,1.648313217200471
2023-04-27,1.6473623703394533
2023-04-28,1.6475609942598524
2023-05-01,1.636054064457014
2023-05-02,1.6488236059643395
2023-05-03,1.695558498999736
2023-05-04,1.7196690485579105
2023-05-05,1.704343884957995
2023-05-08,1.771712732405612
2023-05-09,1.7845290000755138
2023-05-10,1.7838080302635126
2023-05-11,1.7790361967588217
2023-05-12,1.8031717824146578
2023-05-15,1.7915165586994417
2023-05-16,1.8082027007957147
2023-05-17,1.7964252646478225
2023-05-18,1.7941169291693484
2023-05-19,1.8346100886660204
2023-05-22,1.833151144676998
2023-05-23,1.9216035487549559
2023-05-24,1.9088882574840136
2023-05-25,1.902116269131831
2023-05-26,1.9810832634878188
2023-05-30,1.934595019215228
2023-05-31,1.9436128388303788
2023-06-01,1.9367154960130981
2023-06-02,1.9015650504303667
2023-06-05,2.023361797150447
2023-06-06,2.0265427291946203
2023-06-07,2.0955921786611538
2023-06-08,2.053411468070574
2023-06-09,2.038854078553803
2023-06-12,1.9783017609904332
2023-06-13,1.9631728715796075
2023-06-14,1.9436028107446754
2023-06-15,1.8949074892715543
2023-06-16,1.8521553264127821
2023-06-20,1.8081060379051435
2023-06-21,1.8003938003703106
2023-06-22,1.7865300538243447
2023-06-23,1.7444629175249065
2023-06-26,1.7527771979203601
2023-06-27,1.7541075096989607
2023-06-28,1.7427326185224026
2023-06-29,1.7397097862851612
2023-06-30,1.7419106964311493
2023-07-03,1.7260099999786587
2023-07-05,1.7563492645307355
2023-07-06,1.7574173256788665
2023-07-07,1.7022279564753324
2023-07-10,1.7005577393852416
2023-07-11,1.700348989066036
2023-07-12,1.6907535371799343
2023-07-13,1.642942434991175
2023-07-14,1.6069143311420224
2023-07-17,1.603036602470852
2023-07-18,1.6100651604619538
2023-07-19,1.604287420922566
2023-07-20,1.6059616396219127
2023-07-21,1.5884241049379104
2023-07-24,1.5827150130614398
2023-07-25,1.5856339447294392
2023-07-26,1.5848536610929254
2023-07-27,1.5634276502731115
2023-07-28,1.5449703705736126
2023-07-31,1.518825351307248
2023-08-01,1.5267301013026233
2023-08-02,1.5156136045851405
2023-08-03,1.4329593520865285
2023-08-04,1.425842963076125
2023-08-07,1.4335380408169698
2023-08-08,1.4282304652697801
2023-08-09,1.4343735256301968
2023-08-10,1.438632806812014
2023-08-11,1.440564937869309
2023-08-14,1.4272668746903727
2023-08-15,1.4348730299047225
2023-08-16,1.4194165465374573
2023-08-17,1.4148187120065692
2023-08-18,1.4142114610577503
2023-08-21,1.4017668428124093
2023-08-22,1.4080207477982285
2023-08-23,1.40962224751953
2023-08-24,1.3813757169536474
2023-08-25,1.3782397033478782
2023-08-28,1.3622240772906358
2023-08-29,1.3747311836946252
2023-08-30,1.3423215960591985
2023-08-31,1.3350068766625705
2023-09-01,1.3472341332377629
2023-09-05,1.3340709070480887
2023-09-06,1.330044663612471
2023-09-07,1.3310253178979157
2023-09-08,1.3385175071225721
2023-09-11,1.3437787684920521
2023-09-12,1.3458727979306548
2023-09-13,1.340563356962523
2023-09-14,1.3305934309635572
2023-09-15,1.33585466408621
2023-09-18,1.3535959818745382
2023-09-19,1.3528379005217013
2023-09-20,1.3431730858680802
2023-09-21,1.3405926958642598
2023-09-22,1.3085296670305055
2023-09-25,1.2994737095481175
2023-09-26,1.303577932293553
2023-09-27,1.2907297658699821
2023-09-28,1.2929651117746734
2023-09-29,1.288969344562428
2023-10-02,1.3030769597753402
2023-10-03,1.3063829801814801
2023-10-04,1.2927184309607427
2023-10-05,1.3178386360684582
2023-10-06,1.316288049894424
2023-10-09,1.325012597799542
2023-10-10,1.3266157871062318
2023-10-11,1.3475622384996373
2023-10-12,1.3621956167558464
2023-10-13,1.3551061717159605
2023-10-16,1.3821480175155254
2023-10-17,1.399488655704243
2023-10-18,1.4022290637291255
2023-10-19,1.413216657999643
2023-10-20,1.4171974606884383
2023-10-23,1.424996743962413
2023-10-24,1.4314583647840111
2023-10-25,1.4289949261879327
2023-10-26,1.4261917091352903
2023-10-27,1.457816468127898
2023-10-30,1.4635558082324394
2023-10-31,1.4784842780125682
2023-11-01,1.50706319752444
2023-11-02,1.4815204044136334
2023-11-03,1.437741684693244
2023-11-06,1.423558654287664
2023-11-07,1.4204631212967955
2023-11-08,1.4276294601441042
2023-11-09,1.431601066991591
2023-11-10,1.4278910299737673
2023-11-13,1.4260887671887432
2023-11-14,1.4354988730409348
2023-11-15,1.4018716577969983
2023-11-16,1.4046632629386253
2023-11-17,1.4139435118819825
2023-11-20,1.408201130412725
2023-11-21,1.40569996458206
2023-11-22,1.4278049223377933
2023-11-24,1.4367027278674727
2023-11-27,1.4435901859879463
2023-11-28,1.4506015438985365
2023-11-29,1.4720530173198978
2023-11-30,1.4730718527653428
2023-12-01,1.4738342058298088
2023-12-04,1.46092621403009
2023-12-05,1.4587890882251777
2023-12-06,1.4662747595930516
2023-12-07,1.4726037347267011
2023-12-08,1.4755879336012407
2023-12-11,1.4796281694454598
2023-12-12,1.479495362255653
2023-12-13,1.4819540902948718
2023-12-14,1.441225171185526
2023-12-15,1.4338520315186527
2023-12-18,1.4344385778615605
2023-12-19,1.438072520452093
2023-12-20,1.4343651555833594
2023-12-21,1.4649893840795527
2023-12-22,1.4666778071929896
2023-12-26,1.4645652218330751
2023-12-27,1.4737634497336605
2023-12-28,1.4731582540885955
2023-12-29,1.470088839763596
2024-01-02,1.4674824836655855
2024-01-03,1.4617953539946635
2024-01-04,1.492589104371915
2024-01-05,1.4779276356268984
2024-01-08,1.4787520860463497
2024-01-09,1.4754774399539599
2024-01-10,1.4822647553797024
2024-01-11,1.4814799040491504
2024-01-12,1.485034869610269
2024-01-16,1.503199041548366
2024-01-17,1.4593683492505234
2024-01-18,1.4424384025097856
2024-01-19,1.445419099619177
2024-01-22,1.4470862547943422
2024-01-23,1.4476518124408482
2024-01-24,1.4430066265974941
2024-01-25,1.4430502742986497
2024-01-26,1.4414127409577577
2024-01-29,1.4586586963281414
2024-01-30,1.4382552987146966
2024-01-31,1.4348916417655588
2024-02-01,1.4355333517213695
2024-02-02,1.425761022948973
2024-02-05,1.4530233870561053
2024-02-06,1.4765284048094816
2024-02-07,1.4830399359081585
2024-02-08,1.4853971121798957
2024-02-09,1.4771938879546573
2024-02-12,1.4704029966407222
2024-02-13,1.483066159559701
2024-02-14,1.4336887495401707
2024-02-15,1.4294728351205102
2024-02-16,1.4784538433543077
2024-02-20,1.4794866475198656
2024-02-21,1.468921257110393
2024-02-22,1.4660416661202669
2024-02-23,1.4634453632889617
2024-02-26,1.4651316422224592
2024-02-27,1.4635314090075857
2024-02-28,1.4584002148484576
2024-02-29,1.4536517689945787
2024-03-01,1.4506465079059843
2024-03-04,1.4332709681160494
2024-03-05,1.4386658887251114
2024-03-06,1.459413542596477
2024-03-07,1.4666683434938503
2024-03-08,1.4514060771330541
2024-03-11,1.4391595585064962
2024-03-12,1.4367070133608855
2024-03-13,1.4413749690772675
2024-03-14,1.445207968290662
2024-03-15,1.4353743564923644
2024-03-18,1.4845119033477705
2024-03-19,1.4936937029772928
2024-03-20,1.4922425883284778
2024-03-21,1.4845636213103166
2024-03-22,1.4951214429343846
2024-03-25,1.4970247028100083
2024-03-26,1.4967170282570292
2024-03-27,1.4977913383834693
2024-03-28,1.4946931180243266
2024-04-01,1.4957504845524245
2024-04-02,1.5034834910462762
2024-04-03,1.5236129770589157
2024-04-04,1.5438985662093672
2024-04-05,1.542592997852504
2024-04-08,1.5640787694692553
2024-04-09,1.5630412823519606
2024-04-10,1.5553202322492279
2024-04-11,1.5127513601619509
2024-04-12,1.5121606464987898
2024-04-15,1.5075443851694719
2024-04-16,1.5107660492143142
2024-04-17,1.5263228536186335
2024-04-18,1.5489315202609615
2024-04-19,1.5445644169752804
2024-04-22,1.5541375883820905
2024-04-23,1.5777470725165401
2024-04-24,1.5680792673865793
2024-04-25,1.5623822396177307
2024-04-26,1.56698387358897
2024-04-29,1.5577874550569217
2024-04-30,1.5648579350366203
2024-05-01,1.5118471432923035
2024-05-02,1.5090448359654913
2024-05-03,1.515930780208631
2024-05-06,1.478790019810138
2024-05-07,1.4734227409884677
2024-05-08,1.4762086013036435
2024-05-09,1.4715288560291284
2024-05-10,1.4626042105756756
2024-05-13,1.4628011335553461
2024-05-14,1.4649797636546387
2024-05-15,1.514788545488716
2024-05-16,1.484655545228074
2024-05-17,1.4903083779737893
2024-05-20,1.500121012063567
2024-05-21,1.4992563645486205
2024-05-22,1.5013227112799328
2024-05-23,1.5088379530760172
2024-05-24,1.484535782035054
2024-05-28,1.4808279381389569
2024-05-29,1.497361190776402
2024-05-30,1.4727760275435435
2024-05-31,1.488960668046639
2024-06-03,1.5209240284667096
2024-06-04,1.525189901968662
2024-06-05,1.5196035103406764
2024-06-06,1.5090171468608247
2024-06-07,1.5169947875615573
2024-06-10,1.4956446109836588
2024-06-11,1.4990518451962878
2024-06-12,1.4937537710439472
2024-06-13,1.476688122151138
2024-06-14,1.4927165049022832
2024-06-17,1.4981663289277125
2024-06-18,1.5054405519839213
2024-06-20,1.5027925386421994
2024-06-21,1.5140124093099818
2024-06-24,1.5100139515444873
2024-06-25,1.5106732312532474
2024-06-26,1.5145043375846436
2024-06-27,1.5130100388578134
2024-06-28,1.518229739236607
2024-07-01,1.5134307251852304
2024-07-02,1.5177114712215478
2024-07-03,1.5033726578216409
2024-07-05,1.4882858581460277
2024-07-08,1.4716817574173484
2024-07-09,1.4598467715768864
2024-07-10,1.4588272982032497
2024-07-11,1.4541411056427789
2024-07-12,1.5028956896547385
2024-07-15,1.5006327090263505
2024-07-16,1.5051394961164952
2024-07-17,1.494305484781671
2024-07-18,1.4941240205163127
2024-07-19,1.4667055586174922
2024-07-22,1.4509921663984207
2024-07-23,1.4435431097071838
2024-07-24,1.4240936078188768
2024-07-25,1.4050330244463258
2024-07-26,1.4093488117548265
2024-07-29,1.4039782917822956
2024-07-30,1.4083668069537625
2024-07-31,1.4138370428809055
2024-08-01,1.4147263595359212
2024-08-02,1.410382374121908
2024-08-05,1.4667166367952813
2024-08-06,1.4497000595474474
2024-08-07,1.475864756228476
2024-08-08,1.4803514640329567
2024-08-09,1.4711616729944137
2024-08-12,1.472083573729975
2024-08-13,1.4711294373918373
2024-08-14,1.464353315241602
2024-08-15,1.4683518358438605
2024-08-16,1.4946791645126156
2024-08-19,1.496739052494265
2024-08-20,1.4865036012010389
2024-08-21,1.487194543482822
2024-08-22,1.4873776341322866
2024-08-23,1.4779713691754264
2024-08-26,1.4712467512477039
2024-08-27,1.4759503015149935
2024-08-28,1.4612235924181063
2024-08-29,1.4678534288327252
2024-08-30,1.4623477383845005
2024-09-03,1.46658770969016
2024-09-04,1.4654707170323846
2024-09-05,1.4635874624745215
2024-09-06,1.4769200063117176
2024-09-09,1.456111275701878
2024-09-10,1.452804311228229
2024-09-11,1.4520786357286704
2024-09-12,1.4475383925967125
2024-09-13,1.4561823692557927
2024-09-16,1.4452921461044552
2024-09-17,1.4414075934197639
2024-09-18,1.4348641970269356
2024-09-19,1.4324207901372545
2024-09-20,1.4153894017300315
2024-09-23,1.4170539436969853
2024-09-24,1.4157301317627142
2024-09-25,1.416784571250892
2024-09-26,1.4124418584103462
2024-09-27,1.4201681874708172
2024-09-30,1.4212051834376853
2024-10-01,1.41251887302514
2024-10-02,1.422942038991952
2024-10-03,1.4347575067360858
2024-10-04,1.4460737006675795
2024-10-07,1.4552133349512892
2024-10-08,1.456650903509321
2024-10-09,1.4749888578103731
2024-10-10,1.4655711493336678
2024-10-11,1.4685045014609304
2024-10-14,1.4664592485655563
2024-10-15,1.4710901709299438
2024-10-16,1.4861256016550997
2024-10-17,1.494008812718607
2024-10-18,1.5087444070823348
2024-10-21,1.5110820383097128
2024-10-22,1.514738978481636
2024-10-23,1.5508516687755203
2024-10-24,1.5318567389206943
2024-10-25,1.5373079970333399
2024-10-28,1.5373462376070384
2024-10-29,1.539664602443333
2024-10-30,1.5876228952645903
2024-10-31,1.5966696631404855
2024-11-01,1.5288310610739106
2024-11-04,1.5736822089549123
2024-11-05,1.5618179954033333
2024-11-06,1.5488711745049397
2024-11-07,1.6511574928095876
2024-11-08,1.6226193518218563
2024-11-11,1.6360636118412974
2024-11-12,1.649273073358862
2024-11-13,1.6304694415719512
2024-11-14,1.6290497248156273
2024-11-15,1.6332584867681257
2024-11-18,1.6314513598185438
2024-11-19,1.6167730696477451
2024-11-20,1.6136881407815793
2024-11-21,1.6319384016982261
2024-11-22,1.668844614299891
2024-11-25,1.664459030455323
2024-11-26,1.7015701924148725
2024-11-27,1.7132221065726585
2024-11-29,1.7175488124379774
2024-12-02,1.691775190294409
2024-12-03,1.6977612634808465
2024-12-04,1.6931616743606597
2024-12-05,1.6865400806351971
2024-12-06,1.7340730199608994
2024-12-09,1.7545384744551962
2024-12-10,1.7592295529251782
2024-12-11,1.768438155177613
2024-12-12,1.7854154841982168
2024-12-13,1.7635581646137215
2024-12-16,1.7638354319555358
2024-12-17,1.7649616565586725
2024-12-18,1.7812069044757517
2024-12-19,1.6690755037716716
2024-12-20,1.664622536783617
2024-12-23,1.6488573269622526
2024-12-24,1.6606527834876734
2024-12-26,1.6544433887441812
2024-12-27,1.6483055254366366
2024-12-30,1.6339966795090226
2024-12-31,1.6429458682839801
2025-01-02,1.6280771259177238
2025-01-03,1.6258311758240855
2025-01-06,1.6204249127889798
2025-01-07,1.6087518792053552
2025-01-08,1.6021330284309445
2025-01-10,1.5819652303730334
2025-01-13,1.5857524956995563
2025-01-14,1.5843766447160756
2025-01-15,1.586192520226713
2025-01-16,1.5208942675126815
2025-01-17,1.5082807973563899
2025-01-21,1.5110856957886507
2025-01-22,1.4986330009378785
2025-01-23,1.498472458559243
2025-01-24,1.5000091772082031
2025-01-27,1.4975967311774872
2025-01-28,1.52276648506996
2025-01-29,1.5221861155154173
2025-01-30,1.521127290031731
2025-01-31,1.5053306099728632
2025-02-03,1.5003610401105936
2025-02-04,1.5025851215876758
2025-02-05,1.5012231114255055
2025-02-06,1.4960262382143736
2025-02-07,1.4906120469856527
2025-02-10,1.4930285933764387
2025-02-11,1.415790413387803
2025-02-12,1.4392680861982627
2025-02-13,1.425778542475842
2025-02-14,1.4063348575841568
2025-02-18,1.4164130830351238
2025-02-19,1.4277027649101663
2025-02-20,1.427759970282851
2025-02-21,1.4368254187940173
2025-02-24,1.452159178898161
2025-02-25,1.4566614846086159
2025-02-26,1.477175995706199
2025-02-27,1.4772749739074558
2025-02-28,1.4553063663312178
2025-03-03,1.4234345480776804
2025-03-04,1.4374461769642612
2025-03-05,1.4376952950706838
2025-03-06,1.459317993017338
2025-03-07,1.442394035696932
2025-03-10,1.4381026957312284
2025-03-11,1.4376083032995717
2025-03-12,1.4430386675265452
2025-03-13,1.4421181226208777
2025-03-14,1.4461049818306828
2025-03-17,1.4418173709600781
2025-03-18,1.4314726830741022
2025-03-19,1.4387088179546417
2025-03-20,1.428973327843735
2025-03-21,1.4281016931436659
2025-03-24,1.4301473204940254
2025-03-25,1.526976956098055
2025-03-26,1.5260435478615564
2025-03-27,1.5187612208870962
2025-03-28,1.5156772268802707
2025-03-31,1.5340263208226848
2025-04-01,1.536209030939755
2025-04-02,1.546168616173523
2025-04-03,1.5405019942534885
2025-04-04,1.468789449384283
2025-04-07,1.3718858829985694
2025-04-08,1.3796094973056934
2025-04-09,1.3740708228792557
2025-04-10,1.2620407909671518
2025-04-11,1.2581004660136133
2025-04-14,1.2508308114383397
2025-04-15,1.2490604486217463
2025-04-16,1.2491461120158156
2025-04-17,1.2648592448268365
2025-04-21,1.267431623281076
2025-04-22,1.271018681353961
2025-04-23,1.2728282248191982
2025-04-24,1.2767502099729255
2025-04-25,1.2694938109788392
2025-04-28,1.271006298477074
2025-04-29,1.26737429924272
2025-04-30,1.2697647142967716
2025-05-01,1.2714627732913677
2025-05-02,1.2762892517058306
2025-05-05,1.2814654349082069
2025-05-06,1.2835962211719514
2025-05-07,1.2899217350886418
2025-05-08,1.2914604019547995
2025-05-09,1.297361105877009
2025-05-12,1.2982810167897083
2025-05-13,1.3098815280703637
2025-05-14,1.3098062431464033
2025-05-15,1.309924903543385
2025-05-16,1.3126887636799298
2025-05-19,1.3121915442345928
2025-05-20,1.3088162913754335
2025-05-21,1.3106029583599639
2025-05-22,1.3101705241643145
2025-05-23,1.3076595344920328
2025-05-27,1.309001953485901
2025-05-28,1.3042362994749115
2025-05-29,1.3033742707852642
2025-05-30,1.30668956969304
2025-06-02,1.3051453682479153
2025-06-03,1.3055130129313608
2025-06-04,1.3052608955674154
2025-06-05,1.303683675082052
2025-06-06,1.3084547222655447
2025-06-09,1.3128489647785013
2025-06-10,1.3115126861400994
2025-06-11,1.3094731278841685
2025-06-12,1.311082046227989
2025-06-13,1.3072169911960576
2025-06-16,1.3127035598624455
2025-06-17,1.3170585012803486
2025-06-18,1.322745476595635
2025-06-20,1.323860420197129
2025-06-23,1.3238582540018011
2025-06-24,1.3309165828833927
2025-06-25,1.3321700624251234
2025-06-26,1.3322038368100102
2025-06-27,1.3336210837892886
2025-06-30,1.3345018478011619
2025-07-01,1.328278016887763
2025-07-02,1.3268381307356318
2025-07-03,1.3270721567601813
2025-07-07,1.3285077188552306
2025-07-08,1.3363494949880783
2025-07-09,1.3757435813617105
2025-07-10,1.377597368528693
2025-07-11,1.3874567297865865
2025-07-14,1.684096916945348
2025-07-15,1.8509968534054388
2025-07-16,1.8953919555693526
2025-07-17,1.9053883283805022
2025-07-18,1.90023018022704
2025-07-21,1.8682837204259048
2025-07-22,1.8580529078091408
2025-07-23,1.9113736814318547
2025-07-24,1.973739377046696
2025-07-25,1.9706645779714498
2025-07-28,2.105719681958369
2025-07-29,2.100961278295558
2025-07-30,2.109920370497561
2025-07-31,2.0760958279542803
2025-08-01,2.0810641740397284
2025-08-04,2.112513761234856
2025-08-05,2.0573643289088577
2025-08-06,2.0402212367491424
2025-08-07,2.0191747922585006
2025-08-08,2.0153046784104323
2025-08-11,2.0010896967453244
2025-08-12,1.9915294395380265
2025-08-13,1.9579772196877716
2025-08-14,1.9532532122689188
2025-08-15,1.953465705580581
2025-08-18,1.9573091881991496
2025-08-19,1.9511415740089302
2025-08-20,1.9424180282557084
2025-08-21,1.9357172608151225
2025-08-22,2.002516913272263
2025-08-25,1.9025366267634656
2025-08-26,1.870610485749299
2025-08-27,1.8951774007287188
2025-08-28,1.920893187708481
2025-08-29,1.913964797723229
2025-09-02,1.9065363528522588
2025-09-03,1.926604052900121
2025-09-04,1.9138261465856765
2025-09-05,1.9119948202053625
2025-09-08,1.9134782234292957
2025-09-09,1.8683541618412327
2025-09-10,1.868741156307427
2025-09-11,1.8676198709569163
2025-09-12,1.8510350797860393
2025-09-15,1.8641702737876304
2025-09-16,1.83742358537183
2025-09-17,1.8168896240049146
2025-09-18,1.768743126739583
2025-09-19,1.7785338587918726
2025-09-22,1.7901177772213543
2025-09-23,1.7571166525684445
2025-09-24,1.7400277747944382
2025-09-25,1.7300771542096292
2025-09-26,1.751554433947491
2025-09-29,1.7376297217247383
2025-09-30,1.7486997428520534
2025-10-01,1.74701570063686
2025-10-02,1.7377967412828486
2025-10-03,1.7288735161807691
2025-10-06,1.7683851985331485
2025-10-07,1.7744728295585446
2025-10-08,1.785710237331008
2025-10-09,1.771852066406894
2025-10-10,1.738394088963605
2025-10-13,1.7372572511805615
2025-10-14,1.6914239416299808
2025-10-15,1.6957231110842532
2025-10-16,1.6929897263516975
2025-10-17,1.7076670715023528
2025-10-20,1.731856155450259
2025-10-21,1.6996227753163566
2025-10-22,1.700648851676597
2025-10-23,1.7075610141473676
2025-10-24,1.7084005499902855
2025-10-27,1.7048086537939853
2025-10-28,1.715704409229312
2025-10-29,1.7298319031189566
2025-10-30,1.739929715083744
2025-10-31,1.697657513773318
2025-11-03,1.716947019223925
2025-11-04,1.719067702593622
2025-11-05,1.6727255478384937
2025-11-06,1.6821503625795924
2025-11-07,1.6880141232619372
2025-11-10,1.6918859505463322
2025-11-11,1.647073176831961
2025-11-12,1.6487332052314059
2025-11-13,1.6592600155750643
2025-11-14,1.6083177471773007
2025-11-17,1.6094026744170675
2025-11-18,1.5994282531369695
2025-11-19,1.5995209434586697
2025-11-20,1.606340745623203
2025-11-21,1.6280768992424988
2025-11-24,1.6347391908212587
2025-11-25,1.6051255821565054
2025-11-26,1.6050557487976447
2025-11-28,1.5987702522113314
2025-12-01,1.60348998874942
2025-12-02,1.5921225351702832
2025-12-03,1.592336768441665
2025-12-04,1.5887393754246557
2025-12-05,1.579836066154697
2025-12-08,1.585482255262331
2025-12-09,1.5787532750647975
2025-12-10,1.582487509121638
2025-12-11,1.5750550859800876
2025-12-12,1.5760283817496348
2025-12-15,1.5633806266051729
2025-12-16,1.564203340801903
2025-12-17,1.570848392333638
2025-12-18,1.5738390607474915
2025-12-19,1.572422537061424
2025-12-22,1.571747525636497
2025-12-23,1.5617490877213207
2025-12-24,1.5587956231535072
2025-12-26,1.557246894328379
2025-12-29,1.5691164313588302
2025-12-30,1.5731531265477199
2025-12-31,1.5743028991893868
2026-01-02,1.559467904225846
2026-01-05,1.5615409239719111
2026-01-06,1.5401527452072559
2026-01-07,1.537235530468227
2026-01-08,1.5355875925617497
2026-01-09,1.546253795772269
2026-01-12,1.5417512464885812
2026-01-13,1.5148884120657578
2026-01-14,1.546140002533564
2026-01-15,1.5539609800828846
2026-01-16,1.559158302613203
2026-01-20,1.5454752258073878
2026-01-21,1.5667136919488378
2026-01-22,1.571356520754424
2026-01-23,1.5475815182642234
2026-01-26,1.5398285820658333
2026-01-27,1.5283352708670848
2026-01-28,1.5257936422673652
2026-01-29,1.5134865308367935
2026-01-30,1.5133978730335869
2026-02-02,1.4877764090846097
2026-02-03,1.498905076437208
2026-02-04,1.5202666035935941
2026-02-05,1.5212950070073956
2026-02-06,1.5286342529767305
2026-02-09,1.4952232960059066
2026-02-10,1.477933613349978
2026-02-11,1.4858490469371457
2026-02-12,1.501248778855978
2026-02-13,1.4975671659468217
2026-02-17,1.4927304445260832
2026-02-18,1.5099271364020526
2026-02-19,1.5099304995876257
2026-02-20,1.5145633326002217
2026-02-23,1.5055132952677206
2026-02-24,1.5154111779523585
2026-02-25,1.5244693077750306
2026-02-26,1.5215776634329565
2026-02-27,1.5318803360016076
2026-03-02,1.5340643060830497
2026-03-03,1.5603305960966554
2026-03-04,1.5371962575491063
2026-03-05,1.5338974913134733
2026-03-06,1.5357725375425688
2026-03-09,1.5666682411106974
2026-03-10,1.5704578476332773
2026-03-11,1.5744092729291244
2026-03-12,1.5809055687493345
2026-03-13,1.5842524173494614
2026-03-16,1.5792957260174434
2026-03-17,1.5823868325392048
2026-03-18,1.5928403314818913
2026-03-19,1.5703633619322164
2026-03-20,1.570064006558951
2026-03-23,1.5249121010930045
2026-03-24,1.5490154977711317
2026-03-25,1.5505662241659144
2026-03-26,1.5441358578841586
2026-03-27,1.5172878903973441
2026-03-30,1.5354926013374697
2026-03-31,1.5391229649218436
2026-04-01,1.5128939783069522
2026-04-02,1.5138497878366466
2026-04-06,1.529785335139584
2026-04-07,1.5289741564856254
2026-04-08,1.5394643801585226
2026-04-09,1.5497284136495029
2026-04-10,1.5493653473342177
2026-04-13,1.5486063380490938
2026-04-14,1.5511478637457403
2026-04-15,1.5452389333655348
2026-04-16,1.5484803175593462
2026-04-17,1.5448949135103351
2026-04-20,1.5492187233994792
2026-04-21,1.5502083922612342
2026-04-22,1.531474518788353
2026-04-23,1.5321368267417634
2026-04-24,1.532507201597494
2026-04-27,1.5340224075836464
2026-04-28,1.536462729158809
2026-04-29,1.5371999008680444
2026-04-30,1.5385835250140276
2026-05-01,1.5342164083297618
2026-05-04,1.5461386691921781
2026-05-05,1.5358000637823277
2026-05-06,1.5148869817465065
2026-05-07,1.509222477551156
2026-05-08,1.504959923030513
2026-05-11,1.5190631343606826
2026-05-12,1.5272900640046798
2026-05-13,1.5238503798426013
2026-05-14,1.5236864844798477
2026-05-15,1.5242473595727815
2026-05-18,1.4974680295421374
2026-05-19,1.4961520999769136
2026-05-20,1.491296265720647
2026-05-21,1.4914052202354777
2026-05-22,1.493825542401687
2026-05-26,1.4825625681094654
2026-05-27,1.4811380552522364
2026-05-28,1.4824211122905078
2026-05-29,1.4774504389865923
2026-06-01,1.4719625426143967
2026-06-02,1.465222706365779
2026-06-03,1.4789661874781368
2026-06-04,1.477256752351224
2026-06-05,1.481008811203595
2026-06-08,1.4019173347605385
2026-06-09,1.4015076285247772
