Date,rolling_mdd
2016-01-05,-0.09665479547255058
2016-01-06,-0.09665479547255053
2016-01-07,-0.09665479547255056
2016-01-08,-0.09665479547255057
2016-01-11,-0.1019671819424085
2016-01-12,-0.10552278279493889
2016-01-13,-0.10552278279493889
2016-01-14,-0.10978646034676579
2016-01-15,-0.10978646034676585
2016-01-19,-0.11698416779396491
2016-01-20,-0.11698416779396491
2016-01-21,-0.12074104649346845
2016-01-22,-0.12074104649346835
2016-01-25,-0.12074104649346838
2016-01-26,-0.12074104649346845
2016-01-27,-0.12074104649346845
2016-01-28,-0.12074104649346853
2016-01-29,-0.1207410464934684
2016-02-01,-0.12074104649346852
2016-02-02,-0.12074104649346842
2016-02-03,-0.1207410464934684
2016-02-04,-0.12074104649346847
2016-02-05,-0.12074104649346833
2016-02-08,-0.12074104649346858
2016-02-09,-0.12074104649346841
2016-02-10,-0.1207410464934685
2016-02-11,-0.12074104649346835
2016-02-12,-0.12074104649346841
2016-02-16,-0.12074104649346848
2016-02-17,-0.12074104649346844
2016-02-18,-0.1207410464934684
2016-02-19,-0.12074104649346855
2016-02-22,-0.12074104649346838
2016-02-23,-0.12074104649346848
2016-02-24,-0.12074104649346856
2016-02-25,-0.12074104649346837
2016-02-26,-0.12074104649346844
2016-02-29,-0.12074104649346849
2016-03-01,-0.12074104649346847
2016-03-02,-0.12074104649346849
2016-03-03,-0.12074104649346852
2016-03-04,-0.12074104649346847
2016-03-07,-0.1207410464934684
2016-03-08,-0.12074104649346849
2016-03-09,-0.12074104649346852
2016-03-10,-0.12074104649346844
2016-03-11,-0.12074104649346845
2016-03-14,-0.1207410464934684
2016-03-15,-0.1207410464934685
2016-03-16,-0.12074104649346845
2016-03-17,-0.12074104649346835
2016-03-18,-0.12074104649346853
2016-03-21,-0.12074104649346845
2016-03-22,-0.12074104649346849
2016-03-23,-0.12074104649346845
2016-03-24,-0.12074104649346844
2016-03-28,-0.12074104649346848
2016-03-29,-0.12074104649346837
2016-03-30,-0.12074104649346859
2016-03-31,-0.12074104649346845
2016-04-01,-0.12074104649346856
2016-04-04,-0.12074104649346847
2016-04-05,-0.1207410464934685
2016-04-06,-0.12074104649346848
2016-04-07,-0.12074104649346855
2016-04-08,-0.12074104649346853
2016-04-11,-0.1207410464934685
2016-04-12,-0.12074104649346859
2016-04-13,-0.12074104649346849
2016-04-14,-0.12074104649346853
2016-04-15,-0.12074104649346853
2016-04-18,-0.12074104649346845
2016-04-19,-0.1207410464934684
2016-04-20,-0.12074104649346856
2016-04-21,-0.12074104649346849
2016-04-22,-0.12074104649346853
2016-04-25,-0.12074104649346856
2016-04-26,-0.12074104649346859
2016-04-27,-0.12009913834677859
2016-04-28,-0.11717156542216468
2016-04-29,-0.11717156542216459
2016-05-02,-0.11717156542216468
2016-05-03,-0.11717156542216459
2016-05-04,-0.1171715654221646
2016-05-05,-0.11717156542216453
2016-05-06,-0.1171715654221645
2016-05-09,-0.11717156542216461
2016-05-10,-0.11717156542216471
2016-05-11,-0.11717156542216454
2016-05-12,-0.1171715654221646
2016-05-13,-0.11717156542216452
2016-05-16,-0.11717156542216474
2016-05-17,-0.11474206693016646
2016-05-18,-0.1147420669301664
2016-05-19,-0.1147420669301664
2016-05-20,-0.11474206693016645
2016-05-23,-0.11300499229041244
2016-05-24,-0.11138480523640248
2016-05-25,-0.11138480523640237
2016-05-26,-0.11010234786384661
2016-05-27,-0.10850675117826639
2016-05-31,-0.10677590040676753
2016-06-01,-0.10517209050677334
2016-06-02,-0.10129859048410074
2016-06-03,-0.10101772669862519
2016-06-06,-0.10101772669862503
2016-06-07,-0.1010177266986251
2016-06-08,-0.10101772669862501
2016-06-09,-0.10101772669862497
2016-06-10,-0.10101772669862508
2016-06-13,-0.10101772669862517
2016-06-14,-0.10101772669862498
2016-06-15,-0.10101772669862512
2016-06-16,-0.10101772669862503
2016-06-17,-0.1010177266986251
2016-06-20,-0.10085431665067472
2016-06-21,-0.1008543166506747
2016-06-22,-0.1001965420629654
2016-06-23,-0.0978476950749433
2016-06-24,-0.09559042125660909
2016-06-27,-0.09401432104335339
2016-06-28,-0.09401432104335355
2016-06-29,-0.09401432104335336
2016-06-30,-0.0940143210433534
2016-07-01,-0.09401432104335353
2016-07-05,-0.09401432104335344
2016-07-06,-0.09401432104335344
2016-07-07,-0.09401432104335339
2016-07-08,-0.09401432104335339
2016-07-11,-0.0940143210433534
2016-07-12,-0.09401432104335343
2016-07-13,-0.09401432104335349
2016-07-14,-0.09401432104335355
2016-07-15,-0.0940143210433534
2016-07-18,-0.09401432104335339
2016-07-19,-0.090551429541329
2016-07-20,-0.09055142954132891
2016-07-21,-0.08818615183194554
2016-07-22,-0.08818615183194566
2016-07-25,-0.08818615183194564
2016-07-26,-0.08818615183194557
2016-07-27,-0.0881861518319457
2016-07-28,-0.08818615183194556
2016-07-29,-0.08818615183194566
2016-08-01,-0.08818615183194559
2016-08-02,-0.08818615183194561
2016-08-03,-0.08818615183194572
2016-08-04,-0.08818615183194556
2016-08-05,-0.08818615183194556
2016-08-08,-0.08818615183194554
2016-08-09,-0.08818615183194564
2016-08-10,-0.08818615183194566
2016-08-11,-0.08818615183194548
2016-08-12,-0.08818615183194566
2016-08-15,-0.08818615183194557
2016-08-16,-0.08818615183194557
2016-08-17,-0.08818615183194553
2016-08-18,-0.08818615183194563
2016-08-19,-0.08818615183194557
2016-08-22,-0.08818615183194559
2016-08-23,-0.08818615183194563
2016-08-24,-0.0881861518319456
2016-08-25,-0.0881861518319455
2016-08-26,-0.08818615183194552
2016-08-29,-0.0881861518319455
2016-08-30,-0.0881861518319455
2016-08-31,-0.08818615183194563
2016-09-01,-0.08818615183194564
2016-09-02,-0.0881861518319455
2016-09-06,-0.08818615183194556
2016-09-07,-0.08818615183194563
2016-09-08,-0.08818615183194556
2016-09-09,-0.08818615183194566
2016-09-12,-0.0881861518319457
2016-09-13,-0.08818615183194552
2016-09-14,-0.08818615183194564
2016-09-15,-0.08818615183194559
2016-09-16,-0.08818615183194554
2016-09-19,-0.08818615183194568
2016-09-20,-0.08818615183194572
2016-09-21,-0.08818615183194553
2016-09-22,-0.0881861518319455
2016-09-23,-0.08818615183194552
2016-09-26,-0.08818615183194554
2016-09-27,-0.08818615183194563
2016-09-28,-0.08818615183194568
2016-09-29,-0.08818615183194557
2016-09-30,-0.08818615183194559
2016-10-03,-0.08818615183194563
2016-10-04,-0.08818615183194572
2016-10-05,-0.08818615183194553
2016-10-06,-0.08818615183194567
2016-10-07,-0.0881861518319456
2016-10-10,-0.08818615183194572
2016-10-11,-0.08818615183194568
2016-10-12,-0.08818615183194559
2016-10-13,-0.08818615183194556
2016-10-14,-0.08818615183194563
2016-10-17,-0.08818615183194559
2016-10-18,-0.08818615183194556
2016-10-19,-0.08818615183194564
2016-10-20,-0.08818615183194563
2016-10-21,-0.08818615183194561
2016-10-24,-0.0881861518319456
2016-10-25,-0.08818615183194556
2016-10-26,-0.08818615183194557
2016-10-27,-0.08818615183194561
2016-10-28,-0.0865807681639228
2016-10-31,-0.08658076816392285
2016-11-01,-0.08658076816392281
2016-11-02,-0.0865807681639228
2016-11-03,-0.08296243511597129
2016-11-04,-0.08081275693291526
2016-11-07,-0.07547229087687717
2016-11-08,-0.07547229087687728
2016-11-09,-0.07547229087687722
2016-11-10,-0.07547229087687723
2016-11-11,-0.07547229087687712
2016-11-14,-0.07547229087687708
2016-11-15,-0.07547229087687705
2016-11-16,-0.07547229087687705
2016-11-17,-0.07547229087687704
2016-11-18,-0.07547229087687712
2016-11-21,-0.07547229087687712
2016-11-22,-0.0754722908768772
2016-11-23,-0.07547229087687718
2016-11-25,-0.07547229087687722
2016-11-28,-0.07547229087687717
2016-11-29,-0.0754722908768771
2016-11-30,-0.07547229087687726
2016-12-01,-0.06969980628365281
2016-12-02,-0.06969980628365283
2016-12-05,-0.0696998062836528
2016-12-06,-0.0643665982263949
2016-12-07,-0.06001396329198632
2016-12-08,-0.05922014543633347
2016-12-09,-0.05922014543633354
2016-12-12,-0.0592201454363334
2016-12-13,-0.059220145436333436
2016-12-14,-0.05922014543633349
2016-12-15,-0.05922014543633345
2016-12-16,-0.059220145436333464
2016-12-19,-0.059220145436333436
2016-12-20,-0.059220145436333464
2016-12-21,-0.05922014543633341
2016-12-22,-0.05922014543633357
2016-12-23,-0.059220145436333485
2016-12-27,-0.05906322968564306
2016-12-28,-0.059063229685642926
2016-12-29,-0.0571394152927378
2016-12-30,-0.0571394152927378
2017-01-03,-0.057139415292737715
2017-01-04,-0.05713941529273782
2017-01-05,-0.05713941529273786
2017-01-06,-0.057139415292737916
2017-01-09,-0.0571394152927379
2017-01-10,-0.057139415292737784
2017-01-11,-0.05713941529273776
2017-01-12,-0.057139415292737784
2017-01-13,-0.057139415292737784
2017-01-17,-0.05713941529273779
2017-01-18,-0.05713941529273778
2017-01-19,-0.05713941529273797
2017-01-20,-0.05713941529273781
2017-01-23,-0.057139415292737764
2017-01-24,-0.05713941529273776
2017-01-25,-0.057139415292737736
2017-01-26,-0.05713941529273772
2017-01-27,-0.057139415292737875
2017-01-30,-0.05713941529273781
2017-01-31,-0.05713941529273773
2017-02-01,-0.05713941529273784
2017-02-02,-0.05713941529273783
2017-02-03,-0.05713941529273775
2017-02-06,-0.0571394152927378
2017-02-07,-0.05713941529273792
2017-02-08,-0.057139415292737916
2017-02-09,-0.05713941529273787
2017-02-10,-0.05713941529273774
2017-02-13,-0.05713941529273777
2017-02-14,-0.05713941529273784
2017-02-15,-0.05713941529273794
2017-02-16,-0.057139415292737895
2017-02-17,-0.05713941529273773
2017-02-21,-0.057139415292737826
2017-02-22,-0.05713941529273791
2017-02-23,-0.05713941529273786
2017-02-24,-0.05713941529273789
2017-02-27,-0.0571394152927378
2017-02-28,-0.05713941529273774
2017-03-01,-0.057139415292737944
2017-03-02,-0.05713941529273776
2017-03-03,-0.057139415292738
2017-03-06,-0.05713941529273789
2017-03-07,-0.057139415292737986
2017-03-08,-0.05713941529273789
2017-03-09,-0.05713941529273779
2017-03-10,-0.057139415292737986
2017-03-13,-0.05713941529273785
2017-03-14,-0.05713941529273792
2017-03-15,-0.057139415292737826
2017-03-16,-0.05713941529273779
2017-03-17,-0.057139415292738076
2017-03-20,-0.057139415292738055
2017-03-21,-0.05713941529273768
2017-03-22,-0.057139415292737715
2017-03-23,-0.05713941529273794
2017-03-24,-0.05713941529273788
2017-03-27,-0.05713941529273777
2017-03-28,-0.05713941529273772
2017-03-29,-0.05713941529273779
2017-03-30,-0.05713941529273787
2017-03-31,-0.05713941529273786
2017-04-03,-0.05713941529273772
2017-04-04,-0.05713941529273794
2017-04-05,-0.05713941529273783
2017-04-06,-0.05713941529273793
2017-04-07,-0.0571394152927379
2017-04-10,-0.057139415292737764
2017-04-11,-0.05713941529273775
2017-04-12,-0.05713941529273783
2017-04-13,-0.05713941529273793
2017-04-17,-0.05713941529273795
2017-04-18,-0.05713941529273791
2017-04-19,-0.057139415292737826
2017-04-20,-0.05713941529273794
2017-04-21,-0.05713941529273786
2017-04-24,-0.05713941529273796
2017-04-25,-0.05713941529273791
2017-04-26,-0.05713941529273786
2017-04-27,-0.057139415292737805
2017-04-28,-0.05713941529273778
2017-05-01,-0.05713941529273786
2017-05-02,-0.057139415292737764
2017-05-03,-0.057139415292737875
2017-05-04,-0.05713941529273791
2017-05-05,-0.057139415292737784
2017-05-08,-0.057139415292737826
2017-05-09,-0.05713941529273796
2017-05-10,-0.057139415292737805
2017-05-11,-0.05713941529273786
2017-05-12,-0.057139415292737826
2017-05-15,-0.05713941529273787
2017-05-16,-0.05713941529273786
2017-05-17,-0.057139415292737805
2017-05-18,-0.05713941529273775
2017-05-19,-0.05713941529273772
2017-05-22,-0.05713941529273786
2017-05-23,-0.05713941529273771
2017-05-24,-0.057139415292737826
2017-05-25,-0.05713941529273783
2017-05-26,-0.05713941529273794
2017-05-30,-0.057139415292737715
2017-05-31,-0.05713941529273783
2017-06-01,-0.05713941529273786
2017-06-02,-0.057139415292737875
2017-06-05,-0.05713941529273777
2017-06-06,-0.05713941529273793
2017-06-07,-0.05713941529273778
2017-06-08,-0.057139415292737805
2017-06-09,-0.05713941529273788
2017-06-12,-0.05713941529273783
2017-06-13,-0.05713941529273782
2017-06-14,-0.05713941529273792
2017-06-15,-0.05713941529273776
2017-06-16,-0.057139415292737805
2017-06-19,-0.057139415292737826
2017-06-20,-0.05713941529273785
2017-06-21,-0.057139415292737715
2017-06-22,-0.057139415292737805
2017-06-23,-0.05713941529273778
2017-06-26,-0.05713941529273782
2017-06-27,-0.0571394152927378
2017-06-28,-0.05713941529273785
2017-06-29,-0.05713941529273786
2017-06-30,-0.05713941529273794
2017-07-03,-0.057139415292737764
2017-07-05,-0.0571394152927379
2017-07-06,-0.05713941529273789
2017-07-07,-0.05713941529273792
2017-07-10,-0.057139415292737784
2017-07-11,-0.05713941529273778
2017-07-12,-0.057139415292737875
2017-07-13,-0.05713941529273779
2017-07-14,-0.057139415292737916
2017-07-17,-0.05713941529273795
2017-07-18,-0.05713941529273783
2017-07-19,-0.05713941529273777
2017-07-20,-0.05713941529273794
2017-07-21,-0.0571394152927379
2017-07-24,-0.05713941529273788
2017-07-25,-0.057139415292737916
2017-07-26,-0.05713941529273779
2017-07-27,-0.0571394152927379
2017-07-28,-0.057139415292737826
2017-07-31,-0.05713941529273787
2017-08-01,-0.05713941529273789
2017-08-02,-0.05713941529273777
2017-08-03,-0.05713941529273771
2017-08-04,-0.05713941529273793
2017-08-07,-0.05713941529273799
2017-08-08,-0.057139415292737916
2017-08-09,-0.0571394152927378
2017-08-10,-0.05713941529273792
2017-08-11,-0.05713941529273784
2017-08-14,-0.05713941529273772
2017-08-15,-0.05713941529273786
2017-08-16,-0.05713941529273792
2017-08-17,-0.05713941529273785
2017-08-18,-0.05713941529273786
2017-08-21,-0.057139415292737784
2017-08-22,-0.05713941529273788
2017-08-23,-0.05713941529273772
2017-08-24,-0.057139415292737944
2017-08-25,-0.05713941529273799
2017-08-28,-0.05713941529273785
2017-08-29,-0.05713941529273787
2017-08-30,-0.05713941529273781
2017-08-31,-0.05713941529273782
2017-09-01,-0.05713941529273783
2017-09-05,-0.05713941529273788
2017-09-06,-0.0571394152927379
2017-09-07,-0.05688116557256267
2017-09-08,-0.05403926546263977
2017-09-11,-0.05403926546263975
2017-09-12,-0.05403926546263975
2017-09-13,-0.05403926546263968
2017-09-14,-0.0540392654626398
2017-09-15,-0.054039265462639735
2017-09-18,-0.05403926546263982
2017-09-19,-0.05403926546263973
2017-09-20,-0.05403926546263988
2017-09-21,-0.05403926546263981
2017-09-22,-0.05403926546263978
2017-09-25,-0.053079586392885306
2017-09-26,-0.05307958639288533
2017-09-27,-0.05307958639288533
2017-09-28,-0.05307958639288541
2017-09-29,-0.05096778805799113
2017-10-02,-0.05096778805799128
2017-10-03,-0.04955197844005361
2017-10-04,-0.04332128222045239
2017-10-05,-0.04332128222045252
2017-10-06,-0.04268652695531958
2017-10-09,-0.0426865269553195
2017-10-10,-0.04268652695531967
2017-10-11,-0.03960373506749005
2017-10-12,-0.039603735067489855
2017-10-13,-0.039603735067490035
2017-10-16,-0.0396037350674899
2017-10-17,-0.03960373506748991
2017-10-18,-0.039603735067489924
2017-10-19,-0.03960373506749003
2017-10-20,-0.03960373506748984
2017-10-23,-0.03960373506749001
2017-10-24,-0.03960373506748999
2017-10-25,-0.03915845204858727
2017-10-26,-0.03432306678513277
2017-10-27,-0.030723154549502505
2017-10-30,-0.029255511966432116
2017-10-31,-0.029255511966431995
2017-11-01,-0.029255511966432116
2017-11-02,-0.029255511966432158
2017-11-03,-0.02925551196643209
2017-11-06,-0.02925551196643226
2017-11-07,-0.029255511966432175
2017-11-08,-0.02925551196643217
2017-11-09,-0.022464303481430185
2017-11-10,-0.022464303481430265
2017-11-13,-0.022464303481430217
2017-11-14,-0.022464303481430345
2017-11-15,-0.02246430348143029
2017-11-16,-0.022464303481430175
2017-11-17,-0.022464303481430158
2017-11-20,-0.022464303481430168
2017-11-21,-0.022464303481430258
2017-11-22,-0.02246430348143029
2017-11-24,-0.022464303481430244
2017-11-27,-0.022464303481430258
2017-11-28,-0.022464303481430328
2017-11-29,-0.022464303481430217
2017-11-30,-0.022464303481430272
2017-12-01,-0.022464303481430244
2017-12-04,-0.022464303481430258
2017-12-05,-0.02246430348143032
2017-12-06,-0.022464303481430352
2017-12-07,-0.02246430348143029
2017-12-08,-0.022464303481430276
2017-12-11,-0.022464303481430484
2017-12-12,-0.022464303481430463
2017-12-13,-0.02246430348143029
2017-12-14,-0.022464303481430196
2017-12-15,-0.022464303481430255
2017-12-18,-0.022464303481430338
2017-12-19,-0.022464303481430335
2017-12-20,-0.02246430348143024
2017-12-21,-0.02246430348143041
2017-12-22,-0.022464303481430456
2017-12-26,-0.022464303481430352
2017-12-27,-0.02246430348143045
2017-12-28,-0.0224643034814304
2017-12-29,-0.02246430348143018
2018-01-02,-0.0224643034814302
2018-01-03,-0.02246430348143029
2018-01-04,-0.022464303481430324
2018-01-05,-0.02246430348143033
2018-01-08,-0.022464303481430317
2018-01-09,-0.022464303481430203
2018-01-10,-0.022464303481430355
2018-01-11,-0.022464303481430248
2018-01-12,-0.022464303481430137
2018-01-16,-0.022464303481430345
2018-01-17,-0.022464303481430175
2018-01-18,-0.022464303481430192
2018-01-19,-0.02246430348143024
2018-01-22,-0.022464303481430286
2018-01-23,-0.022464303481430303
2018-01-24,-0.022464303481430276
2018-01-25,-0.022464303481430442
2018-01-26,-0.022464303481430244
2018-01-29,-0.02246430348143008
2018-01-30,-0.0224643034814303
2018-01-31,-0.0224643034814303
2018-02-01,-0.022464303481430324
2018-02-02,-0.02246430348143021
2018-02-05,-0.03028944302844773
2018-02-06,-0.0489930533741359
2018-02-07,-0.04899305337413575
2018-02-08,-0.049107475407853686
2018-02-09,-0.06786360964489817
2018-02-12,-0.06786360964489815
2018-02-13,-0.0678636096448982
2018-02-14,-0.0678636096448982
2018-02-15,-0.0678636096448982
2018-02-16,-0.06786360964489811
2018-02-20,-0.06786360964489824
2018-02-21,-0.06786360964489815
2018-02-22,-0.0678636096448981
2018-02-23,-0.06786360964489824
2018-02-26,-0.06786360964489818
2018-02-27,-0.06786360964489817
2018-02-28,-0.06786360964489811
2018-03-01,-0.06786360964489824
2018-03-02,-0.06786360964489832
2018-03-05,-0.0678636096448982
2018-03-06,-0.06786360964489813
2018-03-07,-0.06786360964489828
2018-03-08,-0.06786360964489815
2018-03-09,-0.06786360964489835
2018-03-12,-0.06786360964489808
2018-03-13,-0.0678636096448982
2018-03-14,-0.06786360964489828
2018-03-15,-0.0678636096448983
2018-03-16,-0.06786360964489813
2018-03-19,-0.06786360964489828
2018-03-20,-0.0678636096448981
2018-03-21,-0.06786360964489804
2018-03-22,-0.06786360964489829
2018-03-23,-0.0678636096448982
2018-03-26,-0.0678636096448981
2018-03-27,-0.06786360964489811
2018-03-28,-0.06786360964489814
2018-03-29,-0.0678636096448982
2018-04-02,-0.06786360964489824
2018-04-03,-0.06786360964489833
2018-04-04,-0.06786360964489822
2018-04-05,-0.06786360964489828
2018-04-06,-0.0678636096448982
2018-04-09,-0.06786360964489821
2018-04-10,-0.06786360964489829
2018-04-11,-0.06786360964489814
2018-04-12,-0.06786360964489824
2018-04-13,-0.06786360964489828
2018-04-16,-0.0678636096448981
2018-04-17,-0.06786360964489827
2018-04-18,-0.06786360964489818
2018-04-19,-0.06786360964489824
2018-04-20,-0.06786360964489821
2018-04-23,-0.06786360964489828
2018-04-24,-0.06786360964489825
2018-04-25,-0.06786360964489818
2018-04-26,-0.06786360964489835
2018-04-27,-0.06786360964489825
2018-04-30,-0.06786360964489811
2018-05-01,-0.06786360964489821
2018-05-02,-0.06786360964489825
2018-05-03,-0.06786360964489814
2018-05-04,-0.06786360964489829
2018-05-07,-0.06786360964489829
2018-05-08,-0.06786360964489813
2018-05-09,-0.06786360964489815
2018-05-10,-0.06786360964489821
2018-05-11,-0.0678636096448982
2018-05-14,-0.06786360964489821
2018-05-15,-0.06786360964489821
2018-05-16,-0.0678636096448983
2018-05-17,-0.06786360964489832
2018-05-18,-0.06786360964489822
2018-05-21,-0.06786360964489814
2018-05-22,-0.06786360964489813
2018-05-23,-0.06786360964489814
2018-05-24,-0.06786360964489813
2018-05-25,-0.06786360964489811
2018-05-29,-0.06786360964489821
2018-05-30,-0.06786360964489828
2018-05-31,-0.06786360964489822
2018-06-01,-0.06786360964489815
2018-06-04,-0.06786360964489815
2018-06-05,-0.06786360964489821
2018-06-06,-0.06786360964489811
2018-06-07,-0.06786360964489839
2018-06-08,-0.06786360964489817
2018-06-11,-0.0678636096448982
2018-06-12,-0.06786360964489815
2018-06-13,-0.06786360964489824
2018-06-14,-0.06786360964489806
2018-06-15,-0.06786360964489828
2018-06-18,-0.06786360964489818
2018-06-19,-0.06786360964489828
2018-06-20,-0.06786360964489822
2018-06-21,-0.06786360964489824
2018-06-22,-0.06786360964489818
2018-06-25,-0.06786360964489818
2018-06-26,-0.06786360964489822
2018-06-27,-0.06786360964489829
2018-06-28,-0.06786360964489817
2018-06-29,-0.06786360964489818
2018-07-02,-0.06786360964489833
2018-07-03,-0.06786360964489818
2018-07-05,-0.06786360964489824
2018-07-06,-0.06786360964489827
2018-07-09,-0.06786360964489818
2018-07-10,-0.06786360964489811
2018-07-11,-0.06786360964489821
2018-07-12,-0.06786360964489814
2018-07-13,-0.06786360964489821
2018-07-16,-0.06786360964489808
2018-07-17,-0.06786360964489814
2018-07-18,-0.06786360964489821
2018-07-19,-0.06786360964489833
2018-07-20,-0.06786360964489832
2018-07-23,-0.06786360964489828
2018-07-24,-0.06786360964489833
2018-07-25,-0.06786360964489814
2018-07-26,-0.06786360964489822
2018-07-27,-0.06786360964489832
2018-07-30,-0.06786360964489822
2018-07-31,-0.06786360964489827
2018-08-01,-0.06786360964489814
2018-08-02,-0.06786360964489811
2018-08-03,-0.06786360964489808
2018-08-06,-0.06786360964489818
2018-08-07,-0.06786360964489827
2018-08-08,-0.06786360964489824
2018-08-09,-0.06786360964489811
2018-08-10,-0.06786360964489822
2018-08-13,-0.06786360964489828
2018-08-14,-0.06786360964489835
2018-08-15,-0.06786360964489827
2018-08-16,-0.06786360964489806
2018-08-17,-0.06786360964489818
2018-08-20,-0.06786360964489818
2018-08-21,-0.06786360964489835
2018-08-22,-0.06786360964489817
2018-08-23,-0.06786360964489832
2018-08-24,-0.06786360964489836
2018-08-27,-0.06786360964489825
2018-08-28,-0.06786360964489824
2018-08-29,-0.06786360964489827
2018-08-30,-0.06786360964489807
2018-08-31,-0.06786360964489824
2018-09-04,-0.06786360964489822
2018-09-05,-0.06786360964489825
2018-09-06,-0.0678636096448982
2018-09-07,-0.06786360964489835
2018-09-10,-0.06786360964489813
2018-09-11,-0.06786360964489815
2018-09-12,-0.06786360964489807
2018-09-13,-0.06786360964489829
2018-09-14,-0.06786360964489832
2018-09-17,-0.0678636096448982
2018-09-18,-0.0678636096448982
2018-09-19,-0.06786360964489822
2018-09-20,-0.067863609644898
2018-09-21,-0.06786360964489813
2018-09-24,-0.06786360964489835
2018-09-25,-0.06786360964489829
2018-09-26,-0.06786360964489828
2018-09-27,-0.06786360964489803
2018-09-28,-0.06786360964489835
2018-10-01,-0.06786360964489825
2018-10-02,-0.06786360964489821
2018-10-03,-0.06786360964489822
2018-10-04,-0.0678636096448982
2018-10-05,-0.06786360964489815
2018-10-08,-0.06786360964489807
2018-10-09,-0.06786360964489821
2018-10-10,-0.06786360964489818
2018-10-11,-0.06786360964489807
2018-10-12,-0.0678636096448983
2018-10-15,-0.0678636096448981
2018-10-16,-0.06786360964489813
2018-10-17,-0.06786360964489825
2018-10-18,-0.06786360964489813
2018-10-19,-0.06786360964489817
2018-10-22,-0.06786360964489813
2018-10-23,-0.06786360964489818
2018-10-24,-0.06786360964489824
2018-10-25,-0.07295138740704833
2018-10-26,-0.0729513874070484
2018-10-29,-0.07295138740704833
2018-10-30,-0.07612181493432739
2018-10-31,-0.07612181493432729
2018-11-01,-0.07612181493432739
2018-11-02,-0.07612181493432736
2018-11-05,-0.07612181493432732
2018-11-06,-0.07612181493432743
2018-11-07,-0.07612181493432732
2018-11-08,-0.07612181493432746
2018-11-09,-0.07612181493432726
2018-11-12,-0.07612181493432722
2018-11-13,-0.07612181493432735
2018-11-14,-0.07612181493432738
2018-11-15,-0.07612181493432726
2018-11-16,-0.07612181493432739
2018-11-19,-0.07612181493432732
2018-11-20,-0.07612181493432729
2018-11-21,-0.08414725947688866
2018-11-23,-0.08414725947688872
2018-11-26,-0.08506665071187287
2018-11-27,-0.08506665071187294
2018-11-28,-0.08506665071187289
2018-11-29,-0.08506665071187301
2018-11-30,-0.08506665071187297
2018-12-03,-0.08506665071187287
2018-12-04,-0.08506665071187304
2018-12-06,-0.08506665071187286
2018-12-07,-0.08506665071187294
2018-12-10,-0.08506665071187298
2018-12-11,-0.08506665071187293
2018-12-12,-0.08506665071187298
2018-12-13,-0.08506665071187293
2018-12-14,-0.08506665071187293
2018-12-17,-0.08506665071187293
2018-12-18,-0.08713559420670361
2018-12-19,-0.08713559420670362
2018-12-20,-0.09275860693942699
2018-12-21,-0.09841598997047794
2018-12-24,-0.10907742789329267
2018-12-26,-0.11805981967611062
2018-12-27,-0.11805981967611055
2018-12-28,-0.11805981967611058
2018-12-31,-0.11805981967611055
2019-01-02,-0.11805981967611057
2019-01-03,-0.11805981967611073
2019-01-04,-0.11805981967611065
2019-01-07,-0.11805981967611068
2019-01-08,-0.11805981967611062
2019-01-09,-0.11805981967611061
2019-01-10,-0.11805981967611069
2019-01-11,-0.1180598196761107
2019-01-14,-0.11805981967611068
2019-01-15,-0.11805981967611064
2019-01-16,-0.11805981967611053
2019-01-17,-0.11805981967611064
2019-01-18,-0.11805981967611064
2019-01-22,-0.11805981967611066
2019-01-23,-0.1180598196761106
2019-01-24,-0.11805981967611058
2019-01-25,-0.11805981967611051
2019-01-28,-0.11805981967611069
2019-01-29,-0.11805981967611061
2019-01-30,-0.1121935424180573
2019-01-31,-0.10832875766465665
2019-02-01,-0.10832875766465677
2019-02-04,-0.10594582039856638
2019-02-05,-0.1059458203985665
2019-02-06,-0.10594582039856644
2019-02-07,-0.10594582039856658
2019-02-08,-0.10594582039856648
2019-02-11,-0.10594582039856645
2019-02-12,-0.10594582039856643
2019-02-13,-0.10594582039856651
2019-02-14,-0.10594582039856652
2019-02-15,-0.10594582039856643
2019-02-19,-0.10594582039856645
2019-02-20,-0.10594582039856651
2019-02-21,-0.1059458203985664
2019-02-22,-0.10594582039856644
2019-02-25,-0.10594582039856656
2019-02-26,-0.10594582039856645
2019-02-27,-0.10594582039856641
2019-02-28,-0.10594582039856643
2019-03-01,-0.10594582039856654
2019-03-04,-0.10594582039856654
2019-03-05,-0.10594582039856647
2019-03-06,-0.10594582039856636
2019-03-07,-0.10594582039856656
2019-03-08,-0.10594582039856644
2019-03-11,-0.10594582039856641
2019-03-12,-0.10594582039856636
2019-03-13,-0.10594582039856651
2019-03-14,-0.10594582039856641
2019-03-15,-0.10594582039856645
2019-03-18,-0.10594582039856645
2019-03-19,-0.1059458203985664
2019-03-20,-0.10594582039856641
2019-03-21,-0.10594582039856654
2019-03-22,-0.10594582039856645
2019-03-25,-0.10594582039856658
2019-03-26,-0.10594582039856645
2019-03-27,-0.10594582039856645
2019-03-28,-0.10594582039856654
2019-03-29,-0.10594582039856654
2019-04-01,-0.10594582039856651
2019-04-02,-0.10594582039856645
2019-04-03,-0.10594582039856644
2019-04-04,-0.10594582039856652
2019-04-05,-0.10594582039856644
2019-04-08,-0.10594582039856645
2019-04-09,-0.10594582039856648
2019-04-10,-0.10594582039856656
2019-04-11,-0.10594582039856654
2019-04-12,-0.10594582039856656
2019-04-15,-0.10594582039856645
2019-04-16,-0.10594582039856643
2019-04-17,-0.1059458203985664
2019-04-18,-0.10594582039856648
2019-04-22,-0.1059458203985665
2019-04-23,-0.10594582039856655
2019-04-24,-0.1059458203985664
2019-04-25,-0.10594582039856641
2019-04-26,-0.10594582039856643
2019-04-29,-0.10594582039856647
2019-04-30,-0.10594582039856651
2019-05-01,-0.1059458203985664
2019-05-02,-0.10594582039856652
2019-05-03,-0.10594582039856655
2019-05-06,-0.10594582039856652
2019-05-07,-0.10594582039856655
2019-05-08,-0.1059458203985664
2019-05-09,-0.10594582039856652
2019-05-10,-0.10594582039856651
2019-05-13,-0.10594582039856652
2019-05-14,-0.10594582039856659
2019-05-15,-0.10594582039856648
2019-05-16,-0.10594582039856645
2019-05-17,-0.10594582039856654
2019-05-20,-0.10594582039856654
2019-05-21,-0.1059458203985664
2019-05-22,-0.1059458203985664
2019-05-23,-0.10594582039856655
2019-05-24,-0.10594582039856645
2019-05-28,-0.1059458203985665
2019-05-29,-0.10594582039856643
2019-05-30,-0.10594582039856647
2019-05-31,-0.10594582039856658
2019-06-03,-0.10594582039856638
2019-06-04,-0.1059458203985666
2019-06-05,-0.10594582039856656
2019-06-06,-0.10594582039856643
2019-06-07,-0.1059458203985665
2019-06-10,-0.1059458203985665
2019-06-11,-0.10594582039856636
2019-06-12,-0.10594582039856643
2019-06-13,-0.10594582039856655
2019-06-14,-0.10594582039856645
2019-06-17,-0.1059458203985665
2019-06-18,-0.10594582039856656
2019-06-19,-0.10594582039856648
2019-06-20,-0.10594582039856648
2019-06-21,-0.10594582039856643
2019-06-24,-0.10594582039856655
2019-06-25,-0.10594582039856651
2019-06-26,-0.10594582039856641
2019-06-27,-0.10594582039856654
2019-06-28,-0.10594582039856645
2019-07-01,-0.10594582039856651
2019-07-02,-0.10594582039856645
2019-07-03,-0.10594582039856638
2019-07-05,-0.10594582039856658
2019-07-08,-0.10594582039856638
2019-07-09,-0.10594582039856643
2019-07-10,-0.10594582039856643
2019-07-11,-0.1059458203985665
2019-07-12,-0.10594582039856651
2019-07-15,-0.10594582039856656
2019-07-16,-0.1059458203985665
2019-07-17,-0.10594582039856656
2019-07-18,-0.10594582039856648
2019-07-19,-0.10594582039856647
2019-07-22,-0.10594582039856645
2019-07-23,-0.10594582039856648
2019-07-24,-0.10594582039856647
2019-07-25,-0.10594582039856638
2019-07-26,-0.10594582039856641
2019-07-29,-0.10594582039856643
2019-07-30,-0.10594582039856656
2019-07-31,-0.1059458203985665
2019-08-01,-0.10594582039856645
2019-08-02,-0.10594582039856645
2019-08-05,-0.10594582039856651
2019-08-06,-0.10594582039856644
2019-08-07,-0.10594582039856656
2019-08-08,-0.10594582039856641
2019-08-09,-0.1059458203985664
2019-08-12,-0.10594582039856641
2019-08-13,-0.10594582039856658
2019-08-14,-0.10594582039856645
2019-08-15,-0.10594582039856641
2019-08-16,-0.10594582039856655
2019-08-19,-0.1059458203985665
2019-08-20,-0.10594582039856636
2019-08-21,-0.10594582039856652
2019-08-22,-0.10594582039856641
2019-08-23,-0.10594582039856651
2019-08-26,-0.1059458203985666
2019-08-27,-0.1059458203985665
2019-08-28,-0.10594582039856643
2019-08-29,-0.10594582039856652
2019-08-30,-0.10594582039856643
2019-09-03,-0.10243582311578166
2019-09-04,-0.10233484020087748
2019-09-05,-0.10233484020087745
2019-09-06,-0.1023348402008775
2019-09-09,-0.10233484020087742
2019-09-10,-0.10233484020087749
2019-09-11,-0.10233484020087757
2019-09-12,-0.10233484020087741
2019-09-13,-0.10233484020087746
2019-09-16,-0.10233484020087749
2019-09-17,-0.10233484020087748
2019-09-18,-0.10233484020087756
2019-09-19,-0.10233484020087746
2019-09-20,-0.10233484020087749
2019-09-23,-0.1023348402008775
2019-09-24,-0.10233484020087756
2019-09-25,-0.10233484020087759
2019-09-26,-0.10233484020087742
2019-09-27,-0.10233484020087742
2019-09-30,-0.10233484020087748
2019-10-01,-0.1023348402008775
2019-10-02,-0.10233484020087756
2019-10-03,-0.10233484020087755
2019-10-04,-0.09884892013229052
2019-10-07,-0.09063924420597252
2019-10-08,-0.08592554442043375
2019-10-09,-0.08480042174058881
2019-10-10,-0.08480042174058869
2019-10-11,-0.07909459153513507
2019-10-14,-0.07909459153513511
2019-10-15,-0.07909459153513511
2019-10-16,-0.07909459153513503
2019-10-17,-0.07909459153513515
2019-10-18,-0.07599733121665814
2019-10-21,-0.07131340309004226
2019-10-22,-0.07131340309004217
2019-10-23,-0.07131340309004223
2019-10-24,-0.07131340309004222
2019-10-25,-0.07131340309004228
2019-10-28,-0.07131340309004237
2019-10-29,-0.07131340309004223
2019-10-30,-0.07131340309004236
2019-10-31,-0.07131340309004236
2019-11-01,-0.07131340309004221
2019-11-04,-0.07131340309004237
2019-11-05,-0.07131340309004232
2019-11-06,-0.07131340309004232
2019-11-07,-0.07131340309004232
2019-11-08,-0.07131340309004229
2019-11-11,-0.06815421119846293
2019-11-12,-0.06815421119846302
2019-11-13,-0.0681542111984629
2019-11-14,-0.06815421119846288
2019-11-15,-0.06815421119846295
2019-11-18,-0.06815421119846282
2019-11-19,-0.06815421119846288
2019-11-20,-0.06815421119846289
2019-11-21,-0.0681542111984629
2019-11-22,-0.06815421119846289
2019-11-25,-0.06815421119846284
2019-11-26,-0.06815421119846303
2019-11-27,-0.06815421119846289
2019-11-29,-0.06815421119846289
2019-12-02,-0.06815421119846289
2019-12-03,-0.06815421119846295
2019-12-04,-0.06815421119846303
2019-12-05,-0.05616865277841199
2019-12-06,-0.05513048288180835
2019-12-09,-0.05155986994730237
2019-12-10,-0.051559869947302425
2019-12-11,-0.051559869947302356
2019-12-12,-0.051559869947302356
2019-12-13,-0.051559869947302425
2019-12-16,-0.04159027496295822
2019-12-17,-0.03393243937459419
2019-12-18,-0.03393243937459413
2019-12-19,-0.02788807138894988
2019-12-20,-0.026817425803736212
2019-12-23,-0.026817425803736337
2019-12-24,-0.02681742580373632
2019-12-26,-0.026817425803736306
2019-12-27,-0.026817425803736385
2019-12-30,-0.0268174258037363
2019-12-31,-0.026817425803736375
2020-01-02,-0.026817425803736288
2020-01-03,-0.026817425803736455
2020-01-06,-0.026817425803736437
2020-01-07,-0.026817425803736385
2020-01-08,-0.02681742580373635
2020-01-09,-0.026817425803736143
2020-01-10,-0.026817425803736313
2020-01-13,-0.02681742580373634
2020-01-14,-0.026817425803736392
2020-01-15,-0.026817425803736222
2020-01-16,-0.026817425803736267
2020-01-17,-0.02681742580373626
2020-01-21,-0.026817425803736313
2020-01-22,-0.026817425803736406
2020-01-23,-0.026817425803736302
2020-01-24,-0.02681742580373638
2020-01-27,-0.026817425803736143
2020-01-28,-0.026817425803736396
2020-01-29,-0.026817425803736212
2020-01-30,-0.0268174258037363
2020-01-31,-0.02681742580373634
2020-02-03,-0.026817425803736354
2020-02-04,-0.02681742580373623
2020-02-05,-0.02681742580373628
2020-02-06,-0.026817425803736215
2020-02-07,-0.026817425803736278
2020-02-10,-0.026817425803736215
2020-02-11,-0.026817425803736215
2020-02-12,-0.02681742580373629
2020-02-13,-0.026817425803736313
2020-02-14,-0.026817425803736198
2020-02-18,-0.02681742580373625
2020-02-19,-0.026817425803736316
2020-02-20,-0.026817425803736333
2020-02-21,-0.026817425803736212
2020-02-24,-0.02681742580373624
2020-02-25,-0.02681742580373614
2020-02-26,-0.035792962482409735
2020-02-27,-0.03691201995433048
2020-02-28,-0.05763209614228538
2020-03-02,-0.06021627120118858
2020-03-03,-0.06021627120118852
2020-03-04,-0.06021627120118852
2020-03-05,-0.060216271201188505
2020-03-06,-0.060216271201188484
2020-03-09,-0.06021627120118849
2020-03-10,-0.0891518485034825
2020-03-11,-0.08915184850348239
2020-03-12,-0.10681465109753063
2020-03-13,-0.1609546799931415
2020-03-16,-0.16095467999314156
2020-03-17,-0.18379351480175482
2020-03-18,-0.18379351480175493
2020-03-19,-0.21349277223413762
2020-03-20,-0.2134927722341375
2020-03-23,-0.21349277223413754
2020-03-24,-0.21349277223413748
2020-03-25,-0.21349277223413748
2020-03-26,-0.21349277223413748
2020-03-27,-0.21349277223413754
2020-03-30,-0.21349277223413762
2020-03-31,-0.21349277223413754
2020-04-01,-0.21349277223413757
2020-04-02,-0.21349277223413748
2020-04-03,-0.21349277223413757
2020-04-06,-0.21349277223413748
2020-04-07,-0.2134927722341376
2020-04-08,-0.21349277223413754
2020-04-09,-0.21349277223413754
2020-04-13,-0.21349277223413746
2020-04-14,-0.21349277223413748
2020-04-15,-0.2134927722341375
2020-04-16,-0.2134927722341375
2020-04-17,-0.21349277223413757
2020-04-20,-0.21349277223413762
2020-04-21,-0.21349277223413757
2020-04-22,-0.21349277223413748
2020-04-23,-0.2134927722341376
2020-04-24,-0.21349277223413762
2020-04-27,-0.21349277223413748
2020-04-28,-0.21349277223413748
2020-04-29,-0.2134927722341375
2020-04-30,-0.2134927722341376
2020-05-01,-0.21349277223413743
2020-05-04,-0.2134927722341376
2020-05-05,-0.21349277223413757
2020-05-06,-0.21349277223413748
2020-05-07,-0.21349277223413757
2020-05-08,-0.21349277223413757
2020-05-11,-0.2134927722341375
2020-05-12,-0.21349277223413754
2020-05-13,-0.21349277223413762
2020-05-14,-0.2134927722341375
2020-05-15,-0.2134927722341375
2020-05-18,-0.21349277223413748
2020-05-19,-0.21349277223413746
2020-05-20,-0.2134927722341376
2020-05-21,-0.21349277223413743
2020-05-22,-0.21349277223413748
2020-05-26,-0.21349277223413743
2020-05-27,-0.21349277223413757
2020-05-28,-0.2134927722341376
2020-05-29,-0.2134927722341375
2020-06-01,-0.2134927722341375
2020-06-02,-0.21349277223413757
2020-06-03,-0.21349277223413748
2020-06-04,-0.2134927722341375
2020-06-05,-0.2134927722341375
2020-06-08,-0.2134927722341376
2020-06-09,-0.21349277223413754
2020-06-10,-0.21349277223413754
2020-06-11,-0.21349277223413757
2020-06-12,-0.21349277223413754
2020-06-15,-0.21349277223413757
2020-06-16,-0.21349277223413754
2020-06-17,-0.21349277223413757
2020-06-18,-0.21349277223413757
2020-06-19,-0.2134927722341376
2020-06-22,-0.21349277223413757
2020-06-23,-0.21349277223413757
2020-06-24,-0.21349277223413748
2020-06-25,-0.2134927722341375
2020-06-26,-0.21349277223413762
2020-06-29,-0.2134927722341375
2020-06-30,-0.21349277223413743
2020-07-01,-0.21349277223413754
2020-07-02,-0.2134927722341375
2020-07-06,-0.2134927722341375
2020-07-07,-0.21349277223413746
2020-07-08,-0.2134927722341376
2020-07-09,-0.21349277223413757
2020-07-10,-0.21349277223413746
2020-07-13,-0.21349277223413754
2020-07-14,-0.21349277223413762
2020-07-15,-0.21349277223413754
2020-07-16,-0.2134927722341376
2020-07-17,-0.21349277223413765
2020-07-20,-0.21349277223413748
2020-07-21,-0.21349277223413743
2020-07-22,-0.2134927722341375
2020-07-23,-0.21349277223413757
2020-07-24,-0.21349277223413757
2020-07-27,-0.2134927722341376
2020-07-28,-0.21349277223413757
2020-07-29,-0.21349277223413746
2020-07-30,-0.21349277223413754
2020-07-31,-0.21349277223413757
2020-08-03,-0.21349277223413757
2020-08-04,-0.21349277223413765
2020-08-05,-0.21349277223413757
2020-08-06,-0.21349277223413748
2020-08-07,-0.21349277223413748
2020-08-10,-0.21349277223413765
2020-08-11,-0.21349277223413754
2020-08-12,-0.2134927722341375
2020-08-13,-0.21349277223413762
2020-08-14,-0.2134927722341376
2020-08-17,-0.21349277223413762
2020-08-18,-0.21349277223413757
2020-08-19,-0.2134927722341375
2020-08-20,-0.2134927722341376
2020-08-21,-0.21349277223413754
2020-08-24,-0.21349277223413762
2020-08-25,-0.21349277223413762
2020-08-26,-0.21349277223413762
2020-08-27,-0.21349277223413754
2020-08-28,-0.21349277223413757
2020-08-31,-0.21349277223413746
2020-09-01,-0.21349277223413762
2020-09-02,-0.2134927722341375
2020-09-03,-0.21349277223413757
2020-09-04,-0.21349277223413757
2020-09-08,-0.21349277223413748
2020-09-09,-0.21349277223413757
2020-09-10,-0.21349277223413743
2020-09-11,-0.2134927722341376
2020-09-14,-0.21349277223413754
2020-09-15,-0.21349277223413754
2020-09-16,-0.21349277223413757
2020-09-17,-0.21349277223413748
2020-09-18,-0.21349277223413754
2020-09-21,-0.21349277223413748
2020-09-22,-0.2134927722341376
2020-09-23,-0.21349277223413746
2020-09-24,-0.2134927722341376
2020-09-25,-0.21349277223413762
2020-09-28,-0.21349277223413746
2020-09-29,-0.2134927722341375
2020-09-30,-0.2134927722341376
2020-10-01,-0.21349277223413754
2020-10-02,-0.21349277223413754
2020-10-05,-0.21349277223413748
2020-10-06,-0.21349277223413765
2020-10-07,-0.21349277223413757
2020-10-08,-0.21349277223413743
2020-10-09,-0.2134927722341375
2020-10-12,-0.21349277223413748
2020-10-13,-0.2134927722341375
2020-10-14,-0.21349277223413762
2020-10-15,-0.21349277223413762
2020-10-16,-0.2134927722341375
2020-10-19,-0.21349277223413762
2020-10-20,-0.21349277223413757
2020-10-21,-0.2134927722341376
2020-10-22,-0.21349277223413765
2020-10-23,-0.21349277223413762
2020-10-26,-0.21349277223413765
2020-10-27,-0.21349277223413746
2020-10-28,-0.21349277223413757
2020-10-29,-0.21349277223413762
2020-10-30,-0.2134927722341375
2020-11-02,-0.2134927722341375
2020-11-03,-0.2134927722341376
2020-11-04,-0.2134927722341375
2020-11-05,-0.21349277223413757
2020-11-06,-0.21349277223413754
2020-11-09,-0.21349277223413748
2020-11-10,-0.21349277223413757
2020-11-11,-0.21349277223413757
2020-11-12,-0.21349277223413754
2020-11-13,-0.2134927722341376
2020-11-16,-0.21349277223413754
2020-11-17,-0.21349277223413757
2020-11-18,-0.21349277223413762
2020-11-19,-0.21349277223413748
2020-11-20,-0.2134927722341376
2020-11-23,-0.21349277223413754
2020-11-24,-0.21349277223413754
2020-11-25,-0.2134927722341375
2020-11-27,-0.21349277223413757
2020-11-30,-0.2134927722341375
2020-12-01,-0.21349277223413746
2020-12-02,-0.21349277223413746
2020-12-03,-0.2134927722341375
2020-12-04,-0.21349277223413757
2020-12-07,-0.21349277223413757
2020-12-08,-0.21349277223413754
2020-12-09,-0.2134927722341375
2020-12-10,-0.21349277223413757
2020-12-11,-0.21349277223413757
2020-12-14,-0.21349277223413754
2020-12-15,-0.21349277223413746
2020-12-16,-0.21349277223413754
2020-12-17,-0.21349277223413757
2020-12-18,-0.21349277223413762
2020-12-21,-0.2134927722341376
2020-12-22,-0.2134927722341375
2020-12-23,-0.21349277223413748
2020-12-24,-0.21349277223413743
2020-12-28,-0.2134927722341375
2020-12-29,-0.2134927722341375
2020-12-30,-0.2134927722341376
2020-12-31,-0.21349277223413765
2021-01-04,-0.2134927722341376
2021-01-05,-0.21349277223413757
2021-01-06,-0.21349277223413748
2021-01-07,-0.2134927722341375
2021-01-08,-0.2134927722341376
2021-01-11,-0.2134927722341376
2021-01-12,-0.21349277223413765
2021-01-13,-0.2134927722341375
2021-01-14,-0.21349277223413762
2021-01-15,-0.21349277223413746
2021-01-19,-0.21349277223413762
2021-01-20,-0.2134927722341375
2021-01-21,-0.21349277223413762
2021-01-22,-0.2134927722341376
2021-01-25,-0.2134927722341375
2021-01-26,-0.21349277223413748
2021-01-27,-0.21349277223413754
2021-01-28,-0.21349277223413757
2021-01-29,-0.21349277223413748
2021-02-01,-0.21349277223413754
2021-02-02,-0.21349277223413748
2021-02-03,-0.21349277223413757
2021-02-04,-0.21349277223413754
2021-02-05,-0.21349277223413757
2021-02-08,-0.2134927722341375
2021-02-09,-0.2134927722341375
2021-02-10,-0.21349277223413765
2021-02-11,-0.21349277223413754
2021-02-12,-0.21349277223413748
2021-02-16,-0.21349277223413765
2021-02-17,-0.21349277223413762
2021-02-18,-0.21349277223413762
2021-02-19,-0.21224687153174646
2021-02-22,-0.21030143461241896
2021-02-23,-0.1970661185005392
2021-02-24,-0.18988141536817374
2021-02-25,-0.18988141536817374
2021-02-26,-0.1898814153681738
2021-03-01,-0.18988141536817366
2021-03-02,-0.18988141536817388
2021-03-03,-0.18988141536817368
2021-03-04,-0.18988141536817385
2021-03-05,-0.18112672330475815
2021-03-08,-0.1781079922118965
2021-03-09,-0.15094690813114592
2021-03-10,-0.15094690813114592
2021-03-11,-0.11943559225158709
2021-03-12,-0.0942107279850813
2021-03-15,-0.09421072798508137
2021-03-16,-0.062220429182015084
2021-03-17,-0.062220429182015057
2021-03-18,-0.06222042918201498
2021-03-19,-0.06222042918201491
2021-03-22,-0.06222042918201482
2021-03-23,-0.06222042918201498
2021-03-24,-0.062220429182014814
2021-03-25,-0.062220429182015126
2021-03-26,-0.06222042918201495
2021-03-29,-0.06222042918201488
2021-03-30,-0.062220429182014966
2021-03-31,-0.06222042918201511
2021-04-01,-0.06222042918201506
2021-04-05,-0.06222042918201491
2021-04-06,-0.062220429182015
2021-04-07,-0.062220429182015057
2021-04-08,-0.062220429182014945
2021-04-09,-0.062220429182014945
2021-04-12,-0.06222042918201512
2021-04-13,-0.062220429182015015
2021-04-14,-0.06222042918201505
2021-04-15,-0.06222042918201489
2021-04-16,-0.0622204291820148
2021-04-19,-0.06222042918201497
2021-04-20,-0.06222042918201518
2021-04-21,-0.062220429182014966
2021-04-22,-0.06222042918201493
2021-04-23,-0.0622204291820149
2021-04-26,-0.06222042918201505
2021-04-27,-0.062220429182014814
2021-04-28,-0.06222042918201502
2021-04-29,-0.06222042918201498
2021-04-30,-0.06222042918201496
2021-05-03,-0.06222042918201493
2021-05-04,-0.06222042918201502
2021-05-05,-0.06222042918201488
2021-05-06,-0.06222042918201501
2021-05-07,-0.06222042918201497
2021-05-10,-0.06222042918201494
2021-05-11,-0.062220429182015057
2021-05-12,-0.06222042918201498
2021-05-13,-0.062220429182015057
2021-05-14,-0.062220429182014834
2021-05-17,-0.06222042918201493
2021-05-18,-0.062220429182015126
2021-05-19,-0.06222042918201502
2021-05-20,-0.0622204291820151
2021-05-21,-0.06222042918201495
2021-05-24,-0.06222042918201492
2021-05-25,-0.06222042918201497
2021-05-26,-0.06222042918201481
2021-05-27,-0.06222042918201505
2021-05-28,-0.062220429182015015
2021-06-01,-0.062220429182014876
2021-06-02,-0.062220429182014925
2021-06-03,-0.06222042918201494
2021-06-04,-0.06222042918201512
2021-06-07,-0.06222042918201512
2021-06-08,-0.06222042918201484
2021-06-09,-0.06222042918201497
2021-06-10,-0.06222042918201487
2021-06-11,-0.06222042918201506
2021-06-14,-0.062220429182015
2021-06-15,-0.062220429182014966
2021-06-16,-0.06222042918201484
2021-06-17,-0.062220429182014876
2021-06-18,-0.06222042918201496
2021-06-21,-0.062220429182014966
2021-06-22,-0.062220429182014945
2021-06-23,-0.06222042918201489
2021-06-24,-0.06222042918201505
2021-06-25,-0.06222042918201483
2021-06-28,-0.06222042918201506
2021-06-29,-0.062220429182014876
2021-06-30,-0.062220429182015015
2021-07-01,-0.062220429182015015
2021-07-02,-0.062220429182014945
2021-07-06,-0.062220429182014786
2021-07-07,-0.062220429182014876
2021-07-08,-0.062220429182015
2021-07-09,-0.06222042918201491
2021-07-12,-0.06222042918201507
2021-07-13,-0.06222042918201481
2021-07-14,-0.06222042918201489
2021-07-15,-0.062220429182015057
2021-07-16,-0.062220429182014945
2021-07-19,-0.062220429182014765
2021-07-20,-0.062220429182015015
2021-07-21,-0.06222042918201497
2021-07-22,-0.06222042918201488
2021-07-23,-0.06222042918201496
2021-07-26,-0.06222042918201507
2021-07-27,-0.062220429182014904
2021-07-28,-0.06222042918201494
2021-07-29,-0.062220429182015
2021-07-30,-0.062220429182014904
2021-08-02,-0.06222042918201491
2021-08-03,-0.06222042918201485
2021-08-04,-0.062220429182015
2021-08-05,-0.062220429182014855
2021-08-06,-0.06222042918201494
2021-08-09,-0.062220429182014945
2021-08-10,-0.06222042918201492
2021-08-11,-0.06222042918201496
2021-08-12,-0.06222042918201495
2021-08-13,-0.06222042918201484
2021-08-16,-0.06222042918201491
2021-08-17,-0.06222042918201488
2021-08-18,-0.06222042918201503
2021-08-19,-0.06222042918201502
2021-08-20,-0.062220429182014876
2021-08-23,-0.06222042918201508
2021-08-24,-0.06222042918201485
2021-08-25,-0.06222042918201493
2021-08-26,-0.062220429182014994
2021-08-27,-0.062220429182014925
2021-08-30,-0.06222042918201507
2021-08-31,-0.062220429182014834
2021-09-01,-0.06222042918201493
2021-09-02,-0.0622204291820149
2021-09-03,-0.0485227482399759
2021-09-07,-0.048522748239975926
2021-09-08,-0.04852274823997598
2021-09-09,-0.048522748239975974
2021-09-10,-0.04852274823997589
2021-09-13,-0.04852274823997595
2021-09-14,-0.04852274823997578
2021-09-15,-0.04852274823997582
2021-09-16,-0.048522748239975794
2021-09-17,-0.0485227482399758
2021-09-20,-0.04852274823997592
2021-09-21,-0.048522748239975794
2021-09-22,-0.04852274823997578
2021-09-23,-0.048522748239975794
2021-09-24,-0.04852274823997582
2021-09-27,-0.04852274823997581
2021-09-28,-0.04852274823997584
2021-09-29,-0.048522748239975814
2021-09-30,-0.04852274823997582
2021-10-01,-0.048522748239975835
2021-10-04,-0.04852274823997594
2021-10-05,-0.04852274823997585
2021-10-06,-0.04852274823997594
2021-10-07,-0.04852274823997588
2021-10-08,-0.04852274823997594
2021-10-11,-0.04852274823997592
2021-10-12,-0.048522748239975974
2021-10-13,-0.046446488116569776
2021-10-14,-0.04644648811656991
2021-10-15,-0.04644648811656978
2021-10-18,-0.04644648811656972
2021-10-19,-0.04644648811656993
2021-10-20,-0.04644648811656989
2021-10-21,-0.046446488116569734
2021-10-22,-0.046446488116569824
2021-10-25,-0.04644648811656982
2021-10-26,-0.04644648811656975
2021-10-27,-0.046446488116569706
2021-10-28,-0.046446488116569734
2021-10-29,-0.04644648811656988
2021-11-01,-0.046446488116569755
2021-11-02,-0.04644648811656986
2021-11-03,-0.04644648811656971
2021-11-04,-0.04644648811656977
2021-11-05,-0.04644648811656974
2021-11-08,-0.046446488116569706
2021-11-09,-0.04644648811656991
2021-11-10,-0.046446488116569803
2021-11-11,-0.04644648811656976
2021-11-12,-0.046446488116569866
2021-11-15,-0.04644648811656971
2021-11-16,-0.046446488116569845
2021-11-17,-0.04644648811656989
2021-11-18,-0.04644648811656969
2021-11-19,-0.046446488116569845
2021-11-22,-0.04644648811656983
2021-11-23,-0.04644648811656971
2021-11-24,-0.04644648811656978
2021-11-26,-0.04644648811656986
2021-11-29,-0.04644648811656991
2021-11-30,-0.04644648811656973
2021-12-01,-0.04644648811656979
2021-12-02,-0.04644648811656987
2021-12-03,-0.04644648811656986
2021-12-06,-0.046446488116569866
2021-12-07,-0.04644648811656988
2021-12-08,-0.04644648811656977
2021-12-09,-0.04644648811656979
2021-12-10,-0.046446488116569845
2021-12-13,-0.04644648811656975
2021-12-14,-0.0464464881165698
2021-12-15,-0.04644648811656989
2021-12-16,-0.046446488116569776
2021-12-17,-0.046446488116569824
2021-12-20,-0.04644648811656982
2021-12-21,-0.04644648811656979
2021-12-22,-0.04644648811656979
2021-12-23,-0.046446488116569776
2021-12-27,-0.04644648811656972
2021-12-28,-0.04644648811656982
2021-12-29,-0.0464464881165698
2021-12-30,-0.04644648811656994
2021-12-31,-0.046446488116569824
2022-01-03,-0.04644648811656986
2022-01-04,-0.046446488116569734
2022-01-05,-0.04644648811656984
2022-01-06,-0.04644648811656976
2022-01-07,-0.04644648811656984
2022-01-10,-0.04644648811656995
2022-01-11,-0.04644648811656973
2022-01-12,-0.04644648811656984
2022-01-13,-0.04644648811656978
2022-01-14,-0.04644648811656979
2022-01-18,-0.046446488116569935
2022-01-19,-0.04644648811656973
2022-01-20,-0.046446488116569776
2022-01-21,-0.04644648811656983
2022-01-24,-0.04644648811656973
2022-01-25,-0.04644648811656976
2022-01-26,-0.0509136060144417
2022-01-27,-0.056621564915561313
2022-01-28,-0.05829251874886557
2022-01-31,-0.058292518748865436
2022-02-01,-0.058292518748865554
2022-02-02,-0.05829251874886557
2022-02-03,-0.05829251874886554
2022-02-04,-0.058292518748865596
2022-02-07,-0.05829251874886554
2022-02-08,-0.05829251874886559
2022-02-09,-0.058292518748865575
2022-02-10,-0.05829251874886547
2022-02-11,-0.058292518748865575
2022-02-14,-0.05829251874886557
2022-02-15,-0.05829251874886543
2022-02-16,-0.05829251874886559
2022-02-17,-0.058292518748865665
2022-02-18,-0.05829251874886557
2022-02-22,-0.05829251874886566
2022-02-23,-0.05846747004469513
2022-02-24,-0.06844690172921723
2022-02-25,-0.0684469017292172
2022-02-28,-0.06844690172921733
2022-03-01,-0.06844690172921715
2022-03-02,-0.0684469017292171
2022-03-03,-0.06844690172921707
2022-03-04,-0.06844690172921714
2022-03-07,-0.06844690172921718
2022-03-08,-0.07132966155516675
2022-03-09,-0.07132966155516694
2022-03-10,-0.07132966155516667
2022-03-11,-0.07157149275245216
2022-03-14,-0.07827845537533928
2022-03-15,-0.09056432319642024
2022-03-16,-0.09056432319642017
2022-03-17,-0.09056432319642033
2022-03-18,-0.09056432319642019
2022-03-21,-0.09056432319642026
2022-03-22,-0.09056432319642013
2022-03-23,-0.0905643231964202
2022-03-24,-0.09056432319642031
2022-03-25,-0.09056432319642037
2022-03-28,-0.09056432319642023
2022-03-29,-0.09056432319642027
2022-03-30,-0.09056432319642017
2022-03-31,-0.09056432319642022
2022-04-01,-0.09056432319642013
2022-04-04,-0.09056432319642023
2022-04-05,-0.09056432319642019
2022-04-06,-0.09056432319642026
2022-04-07,-0.09056432319642024
2022-04-08,-0.09056432319642015
2022-04-11,-0.09056432319642015
2022-04-12,-0.09056432319642022
2022-04-13,-0.09056432319642019
2022-04-14,-0.09056432319642017
2022-04-18,-0.09056432319642033
2022-04-19,-0.09056432319642013
2022-04-20,-0.09056432319642031
2022-04-21,-0.09056432319642027
2022-04-22,-0.09056432319642017
2022-04-25,-0.09852151627233147
2022-04-26,-0.09852151627233156
2022-04-27,-0.10788047638095238
2022-04-28,-0.10951138357654049
2022-04-29,-0.10951138357654047
2022-05-02,-0.11547995583401034
2022-05-03,-0.11688540978087299
2022-05-04,-0.11688540978087296
2022-05-05,-0.11688540978087307
2022-05-06,-0.12126482861444526
2022-05-09,-0.1280484961933022
2022-05-10,-0.14558452671817873
2022-05-11,-0.14558452671817856
2022-05-12,-0.14558452671817873
2022-05-13,-0.1470399924155376
2022-05-16,-0.1470399924155377
2022-05-17,-0.14703999241553767
2022-05-18,-0.1470399924155375
2022-05-19,-0.14703999241553767
2022-05-20,-0.14703999241553767
2022-05-23,-0.14703999241553756
2022-05-24,-0.14703999241553775
2022-05-25,-0.14703999241553772
2022-05-26,-0.14703999241553756
2022-05-27,-0.14703999241553767
2022-05-31,-0.14703999241553767
2022-06-01,-0.14703999241553767
2022-06-02,-0.14703999241553764
2022-06-03,-0.14703999241553772
2022-06-06,-0.14703999241553758
2022-06-07,-0.14703999241553764
2022-06-08,-0.1470399924155376
2022-06-09,-0.14703999241553772
2022-06-10,-0.14703999241553775
2022-06-13,-0.14703999241553772
2022-06-14,-0.17296259170145925
2022-06-15,-0.17688846496163949
2022-06-16,-0.17688846496163954
2022-06-17,-0.17688846496163946
2022-06-21,-0.1768884649616394
2022-06-22,-0.17688846496163957
2022-06-23,-0.17688846496163949
2022-06-24,-0.17688846496163954
2022-06-27,-0.17688846496163954
2022-06-28,-0.1768884649616395
2022-06-29,-0.17688846496163954
2022-06-30,-0.1768884649616395
2022-07-01,-0.1768884649616395
2022-07-05,-0.17688846496163957
2022-07-06,-0.17688846496163949
2022-07-07,-0.17688846496163954
2022-07-08,-0.17688846496163954
2022-07-11,-0.17688846496163954
2022-07-12,-0.17688846496163943
2022-07-13,-0.17688846496163946
2022-07-14,-0.1768884649616396
2022-07-15,-0.17783511582026001
2022-07-18,-0.17783511582026
2022-07-19,-0.17783511582026015
2022-07-20,-0.17783511582026001
2022-07-21,-0.17783511582026007
2022-07-22,-0.17783511582026004
2022-07-25,-0.17783511582026004
2022-07-26,-0.17783511582026015
2022-07-27,-0.17783511582026004
2022-07-28,-0.17783511582026
2022-07-29,-0.17783511582026007
2022-08-01,-0.17783511582026001
2022-08-02,-0.17783511582026007
2022-08-03,-0.17783511582026
2022-08-04,-0.1778351158202599
2022-08-05,-0.17783511582026001
2022-08-08,-0.17783511582026
2022-08-09,-0.17783511582026001
2022-08-10,-0.1778351158202601
2022-08-11,-0.17783511582026013
2022-08-12,-0.17783511582026004
2022-08-15,-0.17783511582026001
2022-08-16,-0.17783511582026007
2022-08-17,-0.17783511582026004
2022-08-18,-0.17783511582026004
2022-08-19,-0.17783511582026
2022-08-22,-0.17783511582026013
2022-08-23,-0.17783511582026004
2022-08-24,-0.17783511582026013
2022-08-25,-0.17783511582025996
2022-08-26,-0.17783511582026001
2022-08-29,-0.1778351158202601
2022-08-30,-0.17783511582025996
2022-08-31,-0.17783511582026013
2022-09-01,-0.17783511582026013
2022-09-02,-0.17783511582026001
2022-09-06,-0.17783511582026007
2022-09-07,-0.1792787160890592
2022-09-08,-0.1792787160890593
2022-09-09,-0.17927871608905932
2022-09-12,-0.1792787160890592
2022-09-13,-0.17927871608905918
2022-09-14,-0.17927871608905926
2022-09-15,-0.17927871608905913
2022-09-16,-0.18001218608143704
2022-09-19,-0.18324661899971423
2022-09-20,-0.1832466189997143
2022-09-21,-0.1881761821011756
2022-09-22,-0.19241077782906008
2022-09-23,-0.20023819920424024
2022-09-26,-0.21249366605370146
2022-09-27,-0.22369005475910989
2022-09-28,-0.22843293035731796
2022-09-29,-0.22843293035731801
2022-09-30,-0.2284329303573181
2022-10-03,-0.22843293035731793
2022-10-04,-0.22843293035731807
2022-10-05,-0.22843293035731796
2022-10-06,-0.22843293035731793
2022-10-07,-0.22843293035731804
2022-10-10,-0.22843293035731807
2022-10-11,-0.2284329303573179
2022-10-12,-0.22972487456950652
2022-10-13,-0.22985423841314953
2022-10-14,-0.22985423841314956
2022-10-17,-0.23555300904756546
2022-10-18,-0.23555300904756554
2022-10-19,-0.23555300904756538
2022-10-20,-0.23555300904756554
2022-10-21,-0.23555300904756532
2022-10-24,-0.23555300904756546
2022-10-25,-0.2355530090475655
2022-10-26,-0.23555300904756543
2022-10-27,-0.23555300904756543
2022-10-28,-0.2355530090475655
2022-10-31,-0.2355530090475655
2022-11-01,-0.2355530090475654
2022-11-02,-0.23555300904756546
2022-11-03,-0.23555300904756551
2022-11-04,-0.23555300904756554
2022-11-07,-0.23555300904756554
2022-11-08,-0.2355530090475655
2022-11-09,-0.23555300904756543
2022-11-10,-0.23449750407493913
2022-11-11,-0.2344975040749392
2022-11-14,-0.2344975040749393
2022-11-15,-0.23449750407493913
2022-11-16,-0.23449750407493916
2022-11-17,-0.23449750407493916
2022-11-18,-0.23449750407493916
2022-11-21,-0.23449750407493908
2022-11-22,-0.2344975040749391
2022-11-23,-0.23449750407493913
2022-11-25,-0.23449750407493916
2022-11-28,-0.23449750407493922
2022-11-29,-0.23449750407493908
2022-11-30,-0.23449750407493916
2022-12-01,-0.23449750407493905
2022-12-02,-0.23449750407493922
2022-12-05,-0.23449750407493908
2022-12-06,-0.23449750407493902
2022-12-07,-0.2344975040749392
2022-12-08,-0.23449750407493905
2022-12-09,-0.2344975040749391
2022-12-12,-0.23449750407493924
2022-12-13,-0.23449750407493916
2022-12-14,-0.23449750407493913
2022-12-15,-0.23449750407493913
2022-12-16,-0.23449750407493916
2022-12-19,-0.2344975040749391
2022-12-20,-0.2344975040749392
2022-12-21,-0.23449750407493913
2022-12-22,-0.23449750407493908
2022-12-23,-0.23449750407493908
2022-12-27,-0.23449750407493913
2022-12-28,-0.23306778377732967
2022-12-29,-0.23275668252351325
2022-12-30,-0.2327566825235133
2023-01-03,-0.23184633807767988
2023-01-04,-0.22930516948817464
2023-01-05,-0.22893232752305062
2023-01-06,-0.2260987069977881
2023-01-09,-0.22609870699778814
2023-01-10,-0.22609870699778817
2023-01-11,-0.22609870699778806
2023-01-12,-0.22609870699778822
2023-01-13,-0.22609870699778808
2023-01-17,-0.22058833585765789
2023-01-18,-0.2188074080550117
2023-01-19,-0.21179639814248283
2023-01-20,-0.21179639814248283
2023-01-23,-0.21179639814248274
2023-01-24,-0.21179639814248277
2023-01-25,-0.21179639814248277
2023-01-26,-0.21179639814248277
2023-01-27,-0.21179639814248294
2023-01-30,-0.21179639814248297
2023-01-31,-0.21179639814248286
2023-02-01,-0.21179639814248288
2023-02-02,-0.21179639814248274
2023-02-03,-0.21179639814248272
2023-02-06,-0.20983276391394007
2023-02-07,-0.20983276391394007
2023-02-08,-0.2098327639139401
2023-02-09,-0.20983276391394007
2023-02-10,-0.2098327639139401
2023-02-13,-0.20460927699647255
2023-02-14,-0.20460927699647258
2023-02-15,-0.20460927699647263
2023-02-16,-0.2046092769964726
2023-02-17,-0.20460927699647252
2023-02-21,-0.2046092769964727
2023-02-22,-0.20460927699647277
2023-02-23,-0.20460927699647258
2023-02-24,-0.20460927699647258
2023-02-27,-0.20460927699647252
2023-02-28,-0.20460927699647252
2023-03-01,-0.2046092769964727
2023-03-02,-0.20460927699647263
2023-03-03,-0.20460927699647274
2023-03-06,-0.20460927699647263
2023-03-07,-0.20460927699647263
2023-03-08,-0.2046092769964726
2023-03-09,-0.20460927699647266
2023-03-10,-0.20460927699647258
2023-03-13,-0.2046092769964726
2023-03-14,-0.20460927699647258
2023-03-15,-0.20460927699647272
2023-03-16,-0.20460927699647263
2023-03-17,-0.2046092769964726
2023-03-20,-0.20460927699647266
2023-03-21,-0.2046092769964726
2023-03-22,-0.20460927699647255
2023-03-23,-0.20460927699647272
2023-03-24,-0.2046092769964726
2023-03-27,-0.20460927699647258
2023-03-28,-0.20460927699647252
2023-03-29,-0.2046092769964726
2023-03-30,-0.20460927699647266
2023-03-31,-0.2044669667399686
2023-04-03,-0.20405304859403312
2023-04-04,-0.20405304859403298
2023-04-05,-0.2040530485940331
2023-04-06,-0.19170248829615494
2023-04-10,-0.18464714979837482
2023-04-11,-0.18464714979837485
2023-04-12,-0.18168092712105938
2023-04-13,-0.18064358319005938
2023-04-14,-0.18064358319005946
2023-04-17,-0.18064358319005935
2023-04-18,-0.17450746430553404
2023-04-19,-0.174507464305534
2023-04-20,-0.17450746430553413
2023-04-21,-0.17450746430553396
2023-04-24,-0.16530758023274392
2023-04-25,-0.15406077175018595
2023-04-26,-0.15406077175018593
2023-04-27,-0.15346179904588517
2023-04-28,-0.15346179904588517
2023-05-01,-0.15346179904588517
2023-05-02,-0.15346179904588522
2023-05-03,-0.15346179904588508
2023-05-04,-0.15346179904588522
2023-05-05,-0.15346179904588528
2023-05-08,-0.14320546090391104
2023-05-09,-0.14320546090391115
2023-05-10,-0.1432054609039111
2023-05-11,-0.14320546090391115
2023-05-12,-0.14320546090391098
2023-05-15,-0.1432054609039111
2023-05-16,-0.14320546090391095
2023-05-17,-0.143205460903911
2023-05-18,-0.1432054609039111
2023-05-19,-0.14320546090391104
2023-05-22,-0.1432054609039111
2023-05-23,-0.14320546090391112
2023-05-24,-0.14320546090391115
2023-05-25,-0.143205460903911
2023-05-26,-0.14320546090391104
2023-05-30,-0.143205460903911
2023-05-31,-0.14320546090391095
2023-06-01,-0.14320546090391104
2023-06-02,-0.143205460903911
2023-06-05,-0.1432054609039111
2023-06-06,-0.13934018076185353
2023-06-07,-0.13934018076185356
2023-06-08,-0.13934018076185356
2023-06-09,-0.1393401807618535
2023-06-12,-0.1393401807618536
2023-06-13,-0.1393401807618536
2023-06-14,-0.13934018076185345
2023-06-15,-0.13934018076185362
2023-06-16,-0.13934018076185356
2023-06-20,-0.13934018076185356
2023-06-21,-0.13934018076185348
2023-06-22,-0.1393401807618535
2023-06-23,-0.13934018076185356
2023-06-26,-0.13934018076185353
2023-06-27,-0.1393401807618536
2023-06-28,-0.1393401807618536
2023-06-29,-0.13934018076185356
2023-06-30,-0.13934018076185353
2023-07-03,-0.13934018076185345
2023-07-05,-0.13934018076185356
2023-07-06,-0.13934018076185348
2023-07-07,-0.13934018076185356
2023-07-10,-0.1393401807618535
2023-07-11,-0.13934018076185356
2023-07-12,-0.1393401807618536
2023-07-13,-0.13934018076185348
2023-07-14,-0.1393401807618535
2023-07-17,-0.13934018076185362
2023-07-18,-0.13934018076185364
2023-07-19,-0.13934018076185342
2023-07-20,-0.13934018076185353
2023-07-21,-0.1393401807618535
2023-07-24,-0.1393401807618535
2023-07-25,-0.1393401807618536
2023-07-26,-0.1393401807618536
2023-07-27,-0.1393401807618535
2023-07-28,-0.13934018076185345
2023-07-31,-0.13934018076185345
2023-08-01,-0.13934018076185348
2023-08-02,-0.13934018076185345
2023-08-03,-0.13934018076185353
2023-08-04,-0.13934018076185353
2023-08-07,-0.1393401807618536
2023-08-08,-0.13934018076185356
2023-08-09,-0.13934018076185367
2023-08-10,-0.1393401807618536
2023-08-11,-0.13934018076185353
2023-08-14,-0.13934018076185362
2023-08-15,-0.13934018076185356
2023-08-16,-0.13794754555734118
2023-08-17,-0.1370455376407018
2023-08-18,-0.1313361843996596
2023-08-21,-0.1313361843996597
2023-08-22,-0.11978622243278901
2023-08-23,-0.11978622243278891
2023-08-24,-0.11978622243278887
2023-08-25,-0.119786222432789
2023-08-28,-0.11978622243278908
2023-08-29,-0.10349427297604218
2023-08-30,-0.09953915189142366
2023-08-31,-0.09788785554439142
2023-09-01,-0.09788785554439139
2023-09-05,-0.09788785554439143
2023-09-06,-0.09788785554439146
2023-09-07,-0.0978878555443914
2023-09-08,-0.09788785554439144
2023-09-11,-0.09788785554439146
2023-09-12,-0.09788785554439153
2023-09-13,-0.0978878555443916
2023-09-14,-0.07738967088549764
2023-09-15,-0.0773896708854976
2023-09-18,-0.0677337175301538
2023-09-19,-0.06762678988999371
2023-09-20,-0.06762678988999368
2023-09-21,-0.05835850821550333
2023-09-22,-0.055150523489262415
2023-09-25,-0.05515052348926232
2023-09-26,-0.05515052348926227
2023-09-27,-0.06364606382895568
2023-09-28,-0.06539911527143631
2023-09-29,-0.06539911527143631
2023-10-02,-0.06539911527143645
2023-10-03,-0.07186647655833811
2023-10-04,-0.08330575798262006
2023-10-05,-0.08330575798262012
2023-10-06,-0.08330575798262026
2023-10-09,-0.08330575798262024
2023-10-10,-0.08330575798262004
2023-10-11,-0.08330575798262019
2023-10-12,-0.08330575798262005
2023-10-13,-0.08330575798262016
2023-10-16,-0.08330575798262023
2023-10-17,-0.08330575798262005
2023-10-18,-0.08330575798262002
2023-10-19,-0.08330575798262013
2023-10-20,-0.08330575798262
2023-10-23,-0.08330575798262016
2023-10-24,-0.08330575798262009
2023-10-25,-0.08330575798262015
2023-10-26,-0.08389256241344688
2023-10-27,-0.08679280234545221
2023-10-30,-0.08679280234545236
2023-10-31,-0.08679280234545203
2023-11-01,-0.0867928023454522
2023-11-02,-0.08679280234545221
2023-11-03,-0.08679280234545211
2023-11-06,-0.08679280234545225
2023-11-07,-0.08679280234545217
2023-11-08,-0.08679280234545224
2023-11-09,-0.0867928023454521
2023-11-10,-0.08679280234545211
2023-11-13,-0.08679280234545214
2023-11-14,-0.08679280234545211
2023-11-15,-0.08679280234545214
2023-11-16,-0.0867928023454523
2023-11-17,-0.08679280234545221
2023-11-20,-0.0867928023454523
2023-11-21,-0.08679280234545222
2023-11-22,-0.0867928023454522
2023-11-24,-0.08679280234545232
2023-11-27,-0.08679280234545207
2023-11-28,-0.08679280234545221
2023-11-29,-0.08679280234545209
2023-11-30,-0.08679280234545221
2023-12-01,-0.08679280234545234
2023-12-04,-0.08679280234545213
2023-12-05,-0.08679280234545218
2023-12-06,-0.08679280234545222
2023-12-07,-0.08679280234545207
2023-12-08,-0.08679280234545213
2023-12-11,-0.08679280234545216
2023-12-12,-0.08679280234545204
2023-12-13,-0.08679280234545211
2023-12-14,-0.08679280234545234
2023-12-15,-0.08679280234545224
2023-12-18,-0.08679280234545216
2023-12-19,-0.08679280234545224
2023-12-20,-0.08679280234545213
2023-12-21,-0.08679280234545217
2023-12-22,-0.08679280234545211
2023-12-26,-0.08679280234545217
2023-12-27,-0.08679280234545218
2023-12-28,-0.08679280234545207
2023-12-29,-0.0867928023454522
2024-01-02,-0.08679280234545231
2024-01-03,-0.08679280234545231
2024-01-04,-0.08679280234545217
2024-01-05,-0.08679280234545202
2024-01-08,-0.0867928023454521
2024-01-09,-0.08679280234545224
2024-01-10,-0.08679280234545216
2024-01-11,-0.08679280234545216
2024-01-12,-0.08679280234545204
2024-01-16,-0.08679280234545221
2024-01-17,-0.08679280234545218
2024-01-18,-0.08679280234545211
2024-01-19,-0.08679280234545209
2024-01-22,-0.08679280234545217
2024-01-23,-0.08679280234545214
2024-01-24,-0.08679280234545206
2024-01-25,-0.08679280234545221
2024-01-26,-0.0867928023454522
2024-01-29,-0.08679280234545206
2024-01-30,-0.08679280234545214
2024-01-31,-0.08679280234545214
2024-02-01,-0.08679280234545214
2024-02-02,-0.08679280234545211
2024-02-05,-0.08679280234545227
2024-02-06,-0.08679280234545218
2024-02-07,-0.08679280234545214
2024-02-08,-0.08679280234545206
2024-02-09,-0.08679280234545222
2024-02-12,-0.08679280234545213
2024-02-13,-0.08679280234545213
2024-02-14,-0.08679280234545218
2024-02-15,-0.08679280234545216
2024-02-16,-0.08679280234545203
2024-02-20,-0.08679280234545222
2024-02-21,-0.08679280234545211
2024-02-22,-0.08679280234545209
2024-02-23,-0.08679280234545222
2024-02-26,-0.08679280234545231
2024-02-27,-0.08679280234545217
2024-02-28,-0.0867928023454521
2024-02-29,-0.08679280234545213
2024-03-01,-0.08679280234545218
2024-03-04,-0.08679280234545218
2024-03-05,-0.08679280234545218
2024-03-06,-0.08679280234545211
2024-03-07,-0.08679280234545211
2024-03-08,-0.0867928023454523
2024-03-11,-0.08679280234545221
2024-03-12,-0.08679280234545214
2024-03-13,-0.08679280234545221
2024-03-14,-0.08679280234545214
2024-03-15,-0.08679280234545221
2024-03-18,-0.08679280234545214
2024-03-19,-0.08679280234545222
2024-03-20,-0.08679280234545218
2024-03-21,-0.08679280234545214
2024-03-22,-0.08679280234545218
2024-03-25,-0.08679280234545227
2024-03-26,-0.08679280234545224
2024-03-27,-0.08679280234545218
2024-03-28,-0.08679280234545216
2024-04-01,-0.0867928023454521
2024-04-02,-0.08679280234545217
2024-04-03,-0.08679280234545222
2024-04-04,-0.0867928023454523
2024-04-05,-0.08679280234545217
2024-04-08,-0.0867928023454522
2024-04-09,-0.08679280234545209
2024-04-10,-0.08679280234545218
2024-04-11,-0.08679280234545213
2024-04-12,-0.0867928023454522
2024-04-15,-0.08679280234545225
2024-04-16,-0.08679280234545231
2024-04-17,-0.08679280234545211
2024-04-18,-0.08679280234545227
2024-04-19,-0.08679280234545228
2024-04-22,-0.08679280234545217
2024-04-23,-0.08679280234545214
2024-04-24,-0.08679280234545216
2024-04-25,-0.08679280234545214
2024-04-26,-0.0867928023454521
2024-04-29,-0.08679280234545211
2024-04-30,-0.08679280234545218
2024-05-01,-0.08679280234545211
2024-05-02,-0.08679280234545232
2024-05-03,-0.08679280234545209
2024-05-06,-0.08679280234545207
2024-05-07,-0.08679280234545213
2024-05-08,-0.08679280234545222
2024-05-09,-0.0867928023454522
2024-05-10,-0.08679280234545211
2024-05-13,-0.08679280234545216
2024-05-14,-0.0867928023454521
2024-05-15,-0.08679280234545218
2024-05-16,-0.0867928023454523
2024-05-17,-0.08679280234545217
2024-05-20,-0.0867928023454522
2024-05-21,-0.0867928023454521
2024-05-22,-0.08679280234545203
2024-05-23,-0.08679280234545222
2024-05-24,-0.08679280234545211
2024-05-28,-0.08679280234545218
2024-05-29,-0.08679280234545214
2024-05-30,-0.08679280234545222
2024-05-31,-0.08679280234545214
2024-06-03,-0.08679280234545217
2024-06-04,-0.08679280234545222
2024-06-05,-0.08679280234545214
2024-06-06,-0.08679280234545222
2024-06-07,-0.08679280234545227
2024-06-10,-0.08679280234545216
2024-06-11,-0.08679280234545222
2024-06-12,-0.08679280234545218
2024-06-13,-0.08679280234545213
2024-06-14,-0.08679280234545211
2024-06-17,-0.08679280234545222
2024-06-18,-0.08679280234545209
2024-06-20,-0.0867928023454522
2024-06-21,-0.08679280234545209
2024-06-24,-0.08679280234545222
2024-06-25,-0.08679280234545214
2024-06-26,-0.08679280234545213
2024-06-27,-0.08679280234545213
2024-06-28,-0.08679280234545221
2024-07-01,-0.08679280234545217
2024-07-02,-0.08679280234545221
2024-07-03,-0.0867928023454522
2024-07-05,-0.0867928023454521
2024-07-08,-0.08679280234545218
2024-07-09,-0.08679280234545217
2024-07-10,-0.08679280234545217
2024-07-11,-0.08679280234545214
2024-07-12,-0.08679280234545211
2024-07-15,-0.08679280234545222
2024-07-16,-0.08679280234545214
2024-07-17,-0.08679280234545209
2024-07-18,-0.0867928023454521
2024-07-19,-0.08679280234545225
2024-07-22,-0.08567479671265625
2024-07-23,-0.08567479671265626
2024-07-24,-0.08567479671265617
2024-07-25,-0.08567479671265635
2024-07-26,-0.08567479671265629
2024-07-29,-0.08567479671265624
2024-07-30,-0.0856747967126563
2024-07-31,-0.08567479671265626
2024-08-01,-0.07820701770246455
2024-08-02,-0.06706687931563143
2024-08-05,-0.06706687931563143
2024-08-06,-0.06706687931563143
2024-08-07,-0.0670668793156314
2024-08-08,-0.06706687931563142
2024-08-09,-0.06706687931563138
2024-08-12,-0.06706687931563132
2024-08-13,-0.06706687931563136
2024-08-14,-0.06706687931563149
2024-08-15,-0.06706687931563149
2024-08-16,-0.0670668793156314
2024-08-19,-0.06706687931563152
2024-08-20,-0.06706687931563142
2024-08-21,-0.06706687931563135
2024-08-22,-0.06706687931563152
2024-08-23,-0.06706687931563148
2024-08-26,-0.06706687931563152
2024-08-27,-0.06706687931563143
2024-08-28,-0.06706687931563135
2024-08-29,-0.06706687931563146
2024-08-30,-0.06706687931563138
2024-09-03,-0.06692943584462734
2024-09-04,-0.0655005881725034
2024-09-05,-0.06055906088745669
2024-09-06,-0.06055906088745683
2024-09-09,-0.060559060887456724
2024-09-10,-0.060559060887456724
2024-09-11,-0.06055906088745681
2024-09-12,-0.060559060887456856
2024-09-13,-0.06055906088745678
2024-09-16,-0.06055906088745674
2024-09-17,-0.0565857742651733
2024-09-18,-0.05658577426517325
2024-09-19,-0.05402920660143146
2024-09-20,-0.049924219760901445
2024-09-23,-0.04943263056877818
2024-09-24,-0.04943263056877809
2024-09-25,-0.0494326305687782
2024-09-26,-0.04943263056877805
2024-09-27,-0.049432630568778085
2024-09-30,-0.04943263056877806
2024-10-01,-0.0494326305687782
2024-10-02,-0.04943263056877798
2024-10-03,-0.049432630568777974
2024-10-04,-0.04943263056877817
2024-10-07,-0.04943263056877811
2024-10-08,-0.04943263056877814
2024-10-09,-0.04943263056877812
2024-10-10,-0.04943263056877811
2024-10-11,-0.04943263056877805
2024-10-14,-0.049432630568778176
2024-10-15,-0.04943263056877808
2024-10-16,-0.04943263056877809
2024-10-17,-0.0494326305687781
2024-10-18,-0.049432630568778106
2024-10-21,-0.04943263056877824
2024-10-22,-0.04943263056877814
2024-10-23,-0.049432630568778155
2024-10-24,-0.049432630568778134
2024-10-25,-0.049432630568778224
2024-10-28,-0.04943263056877825
2024-10-29,-0.049432630568778106
2024-10-30,-0.049432630568778106
2024-10-31,-0.0494326305687782
2024-11-01,-0.04943263056877816
2024-11-04,-0.04943263056877819
2024-11-05,-0.049432630568777995
2024-11-06,-0.0494326305687781
2024-11-07,-0.04943263056877816
2024-11-08,-0.04943263056877809
2024-11-11,-0.049432630568777974
2024-11-12,-0.04943263056877815
2024-11-13,-0.049432630568778065
2024-11-14,-0.049432630568778085
2024-11-15,-0.04943263056877819
2024-11-18,-0.049432630568778065
2024-11-19,-0.049432630568778134
2024-11-20,-0.04943263056877811
2024-11-21,-0.04943263056877818
2024-11-22,-0.04943263056877803
2024-11-25,-0.04943263056877807
2024-11-26,-0.04943263056877811
2024-11-27,-0.049432630568778106
2024-11-29,-0.04943263056877807
2024-12-02,-0.049432630568778155
2024-12-03,-0.049432630568778176
2024-12-04,-0.0494326305687781
2024-12-05,-0.049432630568778294
2024-12-06,-0.04943263056877809
2024-12-09,-0.049432630568778016
2024-12-10,-0.049432630568778106
2024-12-11,-0.04943263056877799
2024-12-12,-0.049432630568778044
2024-12-13,-0.04943263056877809
2024-12-16,-0.04943263056877817
2024-12-17,-0.04943263056877813
2024-12-18,-0.04943263056877813
2024-12-19,-0.04943263056877815
2024-12-20,-0.04943263056877812
2024-12-23,-0.04943263056877823
2024-12-24,-0.0494326305687781
2024-12-26,-0.04943263056877803
2024-12-27,-0.049432630568778266
2024-12-30,-0.04943263056877821
2024-12-31,-0.04943263056877808
2025-01-02,-0.04943263056877822
2025-01-03,-0.04943263056877819
2025-01-06,-0.04943263056877815
2025-01-07,-0.04943263056877804
2025-01-08,-0.049432630568778044
2025-01-10,-0.049432630568778085
2025-01-13,-0.04943263056877828
2025-01-14,-0.04943263056877825
2025-01-15,-0.04943263056877817
2025-01-16,-0.049432630568778196
2025-01-17,-0.049432630568778224
2025-01-21,-0.04943263056877802
2025-01-22,-0.04943263056877812
2025-01-23,-0.04943263056877823
2025-01-24,-0.04943263056877825
2025-01-27,-0.04943263056877818
2025-01-28,-0.04943263056877823
2025-01-29,-0.049432630568778085
2025-01-30,-0.04943263056877805
2025-01-31,-0.04943263056877806
2025-02-03,-0.0494326305687781
2025-02-04,-0.0494326305687782
2025-02-05,-0.049432630568778134
2025-02-06,-0.049432630568778224
2025-02-07,-0.04943263056877819
2025-02-10,-0.04943263056877806
2025-02-11,-0.04943263056877815
2025-02-12,-0.04943263056877828
2025-02-13,-0.04943263056877802
2025-02-14,-0.04943263056877813
2025-02-18,-0.04943263056877816
2025-02-19,-0.049432630568778196
2025-02-20,-0.04943263056877802
2025-02-21,-0.049432630568778106
2025-02-24,-0.04943263056877807
2025-02-25,-0.049432630568778106
2025-02-26,-0.04943263056877812
2025-02-27,-0.049432630568778106
2025-02-28,-0.04943263056877813
2025-03-03,-0.04943263056877819
2025-03-04,-0.04943263056877813
2025-03-05,-0.04943263056877819
2025-03-06,-0.04943263056877811
2025-03-07,-0.04943263056877823
2025-03-10,-0.0494326305687783
2025-03-11,-0.049432630568778245
2025-03-12,-0.04943263056877809
2025-03-13,-0.04943263056877805
2025-03-14,-0.049432630568778134
2025-03-17,-0.04943263056877811
2025-03-18,-0.049432630568778196
2025-03-19,-0.04943263056877799
2025-03-20,-0.04943263056877819
2025-03-21,-0.049432630568778065
2025-03-24,-0.04943263056877816
2025-03-25,-0.0494326305687782
2025-03-26,-0.04943263056877805
2025-03-27,-0.04943263056877828
2025-03-28,-0.04943263056877814
2025-03-31,-0.04943263056877817
2025-04-01,-0.049432630568777974
2025-04-02,-0.04943263056877806
2025-04-03,-0.04943263056877825
2025-04-04,-0.049432630568778176
2025-04-07,-0.07752724135382084
2025-04-08,-0.09043321480300509
2025-04-09,-0.10117404146419212
2025-04-10,-0.10117404146419201
2025-04-11,-0.10117404146419197
2025-04-14,-0.101174041464192
2025-04-15,-0.10117404146419202
2025-04-16,-0.10117404146419208
2025-04-17,-0.10117404146419204
2025-04-21,-0.10117404146419201
2025-04-22,-0.10117404146419193
2025-04-23,-0.10117404146419193
2025-04-24,-0.10117404146419197
2025-04-25,-0.10117404146419187
2025-04-28,-0.10117404146419186
2025-04-29,-0.10117404146419194
2025-04-30,-0.10117404146419198
2025-05-01,-0.10117404146419198
2025-05-02,-0.10117404146419193
2025-05-05,-0.10117404146419197
2025-05-06,-0.1011740414641918
2025-05-07,-0.10117404146419189
2025-05-08,-0.10117404146419197
2025-05-09,-0.1011740414641921
2025-05-12,-0.10117404146419194
2025-05-13,-0.10117404146419197
2025-05-14,-0.1011740414641919
2025-05-15,-0.10117404146419193
2025-05-16,-0.10117404146419205
2025-05-19,-0.10117404146419204
2025-05-20,-0.1011740414641919
2025-05-21,-0.101174041464192
2025-05-22,-0.101174041464192
2025-05-23,-0.10117404146419198
2025-05-27,-0.10117404146419191
2025-05-28,-0.10117404146419197
2025-05-29,-0.10117404146419201
2025-05-30,-0.10117404146419211
2025-06-02,-0.10117404146419197
2025-06-03,-0.10117404146419193
2025-06-04,-0.1011740414641919
2025-06-05,-0.10117404146419197
2025-06-06,-0.10117404146419205
2025-06-09,-0.101174041464192
2025-06-10,-0.10117404146419204
2025-06-11,-0.10117404146419198
2025-06-12,-0.10117404146419208
2025-06-13,-0.10117404146419201
2025-06-16,-0.10117404146419208
2025-06-17,-0.10117404146419201
2025-06-18,-0.10117404146419202
2025-06-20,-0.10117404146419198
2025-06-23,-0.10117404146419208
2025-06-24,-0.10117404146419195
2025-06-25,-0.10117404146419204
2025-06-26,-0.101174041464192
2025-06-27,-0.10117404146419205
2025-06-30,-0.10117404146419189
2025-07-01,-0.10117404146419208
2025-07-02,-0.10117404146419193
2025-07-03,-0.10117404146419204
2025-07-07,-0.10117404146419202
2025-07-08,-0.1011740414641921
2025-07-09,-0.10117404146419194
2025-07-10,-0.10117404146419204
2025-07-11,-0.10117404146419201
2025-07-14,-0.10117404146419194
2025-07-15,-0.10117404146419187
2025-07-16,-0.10117404146419197
2025-07-17,-0.10117404146419197
2025-07-18,-0.10117404146419191
2025-07-21,-0.10117404146419201
2025-07-22,-0.10117404146419198
2025-07-23,-0.10117404146419202
2025-07-24,-0.10117404146419204
2025-07-25,-0.10117404146419204
2025-07-28,-0.10117404146419187
2025-07-29,-0.10117404146419208
2025-07-30,-0.10117404146419194
2025-07-31,-0.10117404146419208
2025-08-01,-0.101174041464192
2025-08-04,-0.101174041464192
2025-08-05,-0.10117404146419198
2025-08-06,-0.10117404146419205
2025-08-07,-0.10117404146419204
2025-08-08,-0.10117404146419187
2025-08-11,-0.1011740414641919
2025-08-12,-0.10117404146419191
2025-08-13,-0.10117404146419194
2025-08-14,-0.10117404146419198
2025-08-15,-0.10117404146419197
2025-08-18,-0.10117404146419207
2025-08-19,-0.10117404146419186
2025-08-20,-0.10117404146419191
2025-08-21,-0.10117404146419194
2025-08-22,-0.10117404146419193
2025-08-25,-0.10117404146419195
2025-08-26,-0.10117404146419208
2025-08-27,-0.10117404146419204
2025-08-28,-0.10117404146419197
2025-08-29,-0.10117404146419202
2025-09-02,-0.10117404146419191
2025-09-03,-0.10117404146419191
2025-09-04,-0.10117404146419202
2025-09-05,-0.10117404146419191
2025-09-08,-0.10117404146419195
2025-09-09,-0.10117404146419207
2025-09-10,-0.10117404146419207
2025-09-11,-0.10117404146419198
2025-09-12,-0.10117404146419202
2025-09-15,-0.101174041464192
2025-09-16,-0.10117404146419198
2025-09-17,-0.10117404146419205
2025-09-18,-0.10117404146419194
2025-09-19,-0.10117404146419204
2025-09-22,-0.10117404146419211
2025-09-23,-0.10117404146419202
2025-09-24,-0.10117404146419202
2025-09-25,-0.10117404146419193
2025-09-26,-0.101174041464192
2025-09-29,-0.10117404146419194
2025-09-30,-0.10117404146419197
2025-10-01,-0.10117404146419187
2025-10-02,-0.10117404146419202
2025-10-03,-0.101174041464192
2025-10-06,-0.101174041464192
2025-10-07,-0.10117404146419195
2025-10-08,-0.10117404146419205
2025-10-09,-0.10117404146419191
2025-10-10,-0.10117404146419191
2025-10-13,-0.10117404146419191
2025-10-14,-0.10117404146419187
2025-10-15,-0.10117404146419198
2025-10-16,-0.10117404146419194
2025-10-17,-0.10117404146419202
2025-10-20,-0.10117404146419204
2025-10-21,-0.10117404146419198
2025-10-22,-0.10117404146419195
2025-10-23,-0.10117404146419208
2025-10-24,-0.10117404146419202
2025-10-27,-0.10117404146419193
2025-10-28,-0.10117404146419193
2025-10-29,-0.10117404146419195
2025-10-30,-0.10117404146419195
2025-10-31,-0.10117404146419198
2025-11-03,-0.10117404146419201
2025-11-04,-0.1011740414641919
2025-11-05,-0.101174041464192
2025-11-06,-0.101174041464192
2025-11-07,-0.10117404146419198
2025-11-10,-0.10117404146419201
2025-11-11,-0.10117404146419198
2025-11-12,-0.10117404146419191
2025-11-13,-0.10117404146419191
2025-11-14,-0.10117404146419186
2025-11-17,-0.1011740414641919
2025-11-18,-0.10117404146419194
2025-11-19,-0.10117404146419189
2025-11-20,-0.10117404146419202
2025-11-21,-0.10117404146419198
2025-11-24,-0.10117404146419204
2025-11-25,-0.10117404146419195
2025-11-26,-0.10117404146419198
2025-11-28,-0.10117404146419197
2025-12-01,-0.10117404146419201
2025-12-02,-0.101174041464192
2025-12-03,-0.10117404146419189
2025-12-04,-0.10117404146419183
2025-12-05,-0.10117404146419208
2025-12-08,-0.1011740414641919
2025-12-09,-0.10117404146419191
2025-12-10,-0.101174041464192
2025-12-11,-0.101174041464192
2025-12-12,-0.10117404146419202
2025-12-15,-0.10117404146419186
2025-12-16,-0.10117404146419191
2025-12-17,-0.10117404146419205
2025-12-18,-0.10117404146419193
2025-12-19,-0.10117404146419201
2025-12-22,-0.101174041464192
2025-12-23,-0.101174041464192
2025-12-24,-0.10117404146419198
2025-12-26,-0.10117404146419189
2025-12-29,-0.10117404146419195
2025-12-30,-0.10117404146419191
2025-12-31,-0.1011740414641921
2026-01-02,-0.10117404146419191
2026-01-05,-0.10117404146419195
2026-01-06,-0.10117404146419187
2026-01-07,-0.10117404146419201
2026-01-08,-0.10117404146419197
2026-01-09,-0.10117404146419189
2026-01-12,-0.10117404146419201
2026-01-13,-0.10117404146419187
2026-01-14,-0.10117404146419193
2026-01-15,-0.10117404146419194
2026-01-16,-0.10117404146419198
2026-01-20,-0.10117404146419191
2026-01-21,-0.10117404146419186
2026-01-22,-0.10117404146419189
2026-01-23,-0.10117404146419194
2026-01-26,-0.10117404146419207
2026-01-27,-0.10117404146419208
2026-01-28,-0.101174041464192
2026-01-29,-0.10117404146419193
2026-01-30,-0.10117404146419207
2026-02-02,-0.10117404146419194
2026-02-03,-0.10117404146419207
2026-02-04,-0.101174041464192
2026-02-05,-0.10117404146419198
2026-02-06,-0.10117404146419195
2026-02-09,-0.10117404146419204
2026-02-10,-0.10117404146419189
2026-02-11,-0.10117404146419197
2026-02-12,-0.10117404146419191
2026-02-13,-0.10117404146419207
2026-02-17,-0.10117404146419198
2026-02-18,-0.10117404146419208
2026-02-19,-0.10117404146419207
2026-02-20,-0.101174041464192
2026-02-23,-0.1011740414641919
2026-02-24,-0.09545451141797011
2026-02-25,-0.09544144777307301
2026-02-26,-0.09544144777307297
2026-02-27,-0.0954414477730731
2026-03-02,-0.09124951913791789
2026-03-03,-0.09124951913791779
2026-03-04,-0.08919636105552783
2026-03-05,-0.08919636105552782
2026-03-06,-0.08919636105552793
2026-03-09,-0.08776554508796852
2026-03-10,-0.08776554508796837
2026-03-11,-0.0877655450879686
2026-03-12,-0.08776554508796855
2026-03-13,-0.08776554508796847
2026-03-16,-0.08776554508796844
2026-03-17,-0.08776554508796845
2026-03-18,-0.08776554508796854
2026-03-19,-0.08776554508796856
2026-03-20,-0.08776554508796847
2026-03-23,-0.08776554508796844
2026-03-24,-0.08776554508796858
2026-03-25,-0.08776554508796845
2026-03-26,-0.08776554508796851
2026-03-27,-0.08440598275642404
2026-03-30,-0.08440598275642411
2026-03-31,-0.08440598275642405
2026-04-01,-0.08440598275642408
2026-04-02,-0.08440598275642396
2026-04-06,-0.08440598275642396
2026-04-07,-0.06394208867763283
2026-04-08,-0.06394208867763274
2026-04-09,-0.06394208867763296
2026-04-10,-0.06394208867763287
2026-04-13,-0.06394208867763299
2026-04-14,-0.06394208867763282
2026-04-15,-0.06394208867763285
2026-04-16,-0.06394208867763283
2026-04-17,-0.06394208867763289
2026-04-20,-0.06394208867763271
2026-04-21,-0.06394208867763282
2026-04-22,-0.06394208867763272
2026-04-23,-0.06394208867763272
2026-04-24,-0.06394208867763279
2026-04-27,-0.0639420886776328
2026-04-28,-0.06394208867763276
2026-04-29,-0.06394208867763287
2026-04-30,-0.06394208867763272
2026-05-01,-0.06394208867763272
2026-05-04,-0.06394208867763274
2026-05-05,-0.0639420886776327
2026-05-06,-0.0639420886776327
2026-05-07,-0.06394208867763287
2026-05-08,-0.06394208867763283
2026-05-11,-0.06394208867763283
2026-05-12,-0.06394208867763275
2026-05-13,-0.06394208867763292
2026-05-14,-0.06394208867763282
2026-05-15,-0.06394208867763272
2026-05-18,-0.06394208867763275
2026-05-19,-0.06394208867763282
2026-05-20,-0.06394208867763286
2026-05-21,-0.06394208867763289
2026-05-22,-0.06394208867763289
2026-05-26,-0.06394208867763265
2026-05-27,-0.06394208867763271
2026-05-28,-0.06394208867763278
2026-05-29,-0.06394208867763271
2026-06-01,-0.06394208867763265
2026-06-02,-0.06394208867763282
2026-06-03,-0.06394208867763275
2026-06-04,-0.0639420886776328
2026-06-05,-0.06394208867763279
2026-06-08,-0.06394208867763276
2026-06-09,-0.0639420886776329
